"","zz500","zz500.1","zz500.2","zz500.3","zz500.4"
"2013-04-10",-0.00148501786920188,-0.0588329671202761,0.191446731571123,0.437408749615853,-0.383408683804262
"2013-04-11",0.182486170171338,-0.168720044214844,-0.293600944277891,0.154949706090551,0.394690414267787
"2013-04-12",0.178624609868248,-0.17213889931409,-0.292216010897783,0.154949706090551,0.396037922698432
"2013-04-15",-0.175284166178667,-0.289988965498847,0.154949706090551,0.396037922698432,0.173473227535025
"2013-04-16",-0.293600944277891,0.156667231523943,0.396037922698432,0.181855400071844,-0.173066754445947
"2013-04-17",0.441847251799156,0.193139019189483,-0.385056694586414,-0.00533967795659778,-0.0734981825314897
"2013-04-18",0.193139019189483,-0.385570502816245,-0.00660396661410011,-0.0680714146990956,0.441298706501323
"2013-04-19",-0.384617559928661,0.193139019189483,-0.00463983597352334,-0.0725627526152477,0.441848614131676
"2013-04-22",-0.347383313609044,0.135537634877535,-0.184858337484295,0.414784763041076,0.178555623513587
"2013-04-23",0.209072022789441,0.0729930400263305,0.289949424916413,-0.237338458143789,-0.0998553736727959
"2013-04-24",0.193117671455188,0.098284555716063,0.285538820570951,-0.241336190383673,-0.0710551150783818
"2013-04-25",0.182759247162514,0.113968588052473,0.282191429687852,-0.247052147809913,-0.0681683308875614
"2013-04-26",0.119578434629901,0.282612777986366,-0.252395678574589,-0.0681683308875614,0.182759247162514
"2013-05-02",0.271234615530202,0.150782275691871,-0.255013080991518,-0.069687337752959,0.181214434005948
"2013-05-03",0.228959789440057,0.248202391706723,-0.258645696075155,-0.173103847667245,0.186393664927865
"2013-05-06",0.248844489042335,-0.263372304727081,-0.173103847667245,0.235832809574894,0.186393664927865
"2013-05-07",0.249560105793727,-0.261493516845681,-0.173103847667245,0.232856661503668,0.186393664927865
"2013-05-08",-0.262017550336154,-0.173103847667245,0.253576847244135,0.235239909201543,0.18447022525001
"2013-05-09",-0.173103847667245,-0.26215814127874,0.254974315502637,0.235239909201543,0.18447022525001
"2013-05-10",-0.23466890479059,0.0107557443247127,-0.385783886051148,0.472890168993376,0.261538486000905
"2013-05-13",-0.237664057616411,0.00781785975759964,-0.385414322046109,0.473481381972728,0.25834679142222
"2013-05-14",0.00781785975759964,-0.233920276194651,-0.387569205280831,0.473481381972728,0.25834679142222
"2013-05-15",-0.257026671247654,0.00169873614714056,-0.377541401901577,0.467929234270872,0.289450514178222
"2013-05-16",0.00129155046220986,-0.374457871561761,0.467186996874413,-0.26881973128191,0.306370904285777
"2013-05-20",0.00979136946875589,-0.378475602541339,0.469296819130999,-0.25970967559681,0.289450514178222
"2013-05-21",0.0138795457471792,-0.377541401901577,0.470748497190273,-0.258635288058796,0.289450514178222
"2013-05-22",0.193055903187618,0.275848603689755,-0.0626104677875898,0.191686525127701,-0.260061590333534
"2013-05-23",0.294218939290185,0.107878109008991,-0.0580063324716976,0.182759247162514,-0.234091126002296
"2013-05-24",-0.118270547711491,-0.262477669602058,-0.0108044217355701,0.40771214434322,0.152439534000209
"2013-05-28",-0.382945236199684,0.197270387953171,0.00759677130300111,-0.0497452411320752,0.440923655912127
"2013-05-29",-0.264078662127487,-0.00755185133168951,-0.121194155719343,0.415072117515704,0.14330682563026
"2013-05-30",-0.00857469410429412,-0.264235132894486,-0.122735729158659,0.413838641534351,0.155345621860467
"2013-05-31",0.00361847487616867,-0.382010050288079,0.197270387953171,-0.0370573425676794,0.436414890154512
"2013-06-03",-0.283135194210031,0.146410557297111,0.412998819489449,-0.180537589687904,0.176627160090166
"2013-06-04",-0.281669522147973,-0.184347193029484,0.412255329011196,0.14856389336636,0.179154708131685
"2013-06-05",-0.271708969658175,0.14330682563026,-0.00823760738956953,0.420202758217981,-0.128662349252336
"2013-06-06",0.213784724391497,0.221526642801247,-0.266828872395955,-0.144438060281949,0.287346183628605
"2013-06-07",0.179015611617583,-0.27933924506276,-0.186908125726669,0.141662576272513,0.4140884901903
"2013-06-13",-0.281747196577884,-0.186343942268072,0.14856389336636,0.167158695244935,0.413480546677718
"2013-06-14",-0.27849212626253,-0.189508610400528,0.1498190215206,0.167158695244935,0.414839459352427
"2013-06-17",-0.0550508768966561,-0.387657697684315,0.19734588359797,0.443619158153657,0.0128539279201482
"2013-06-18",-0.387657697684315,0.19734588359797,0.443733220715002,0.0123507423802889,-0.0541219732869649
"2013-06-19",-0.274237485848751,0.13161838660744,0.167158695244935,-0.18733956756081,0.419519657644146
"2013-06-20",-0.273917206677472,0.13161838660744,0.167158695244935,-0.18733956756081,0.419519657644146
"2013-06-21",0.13062217511719,-0.279827966862429,0.167158695244935,-0.185388547020506,0.420230552954693
"2013-06-24",0.20371948209633,-0.386200794237077,0.00819218730854286,-0.057664513479781,0.44276730217849
"2013-06-25",0.199128985544457,-0.384660908548999,0.00867276833273763,-0.0557392329588005,0.44276730217849
"2013-06-26",0.198736905859692,-0.382911995777973,0.0084646741918372,-0.0582987020408067,0.443673863730812
"2013-06-27",-0.382911995777973,0.00893160823522083,-0.0582987020408067,0.198736905859692,0.443673863730812
"2013-06-28",-0.382911995777973,0.0102456645136076,0.198736905859692,-0.0582987020408067,0.443673863730812
"2013-07-02",0.177103561021663,-0.274461188398038,-0.186760293609545,0.422272150210926,0.124078250436177
"2013-07-03",0.175104081789781,-0.274461188398038,-0.188288865777076,0.422272150210926,0.126788273744659
"2013-07-05",-0.253696399540215,0.207988242907526,-0.19141465117731,0.418748174161252,0.123809205891307
"2013-07-08",-0.270098910153652,0.229528185092555,-0.159899677706423,0.220574444852434,0.250920809042776
"2013-07-09",0.229528185092555,-0.161932179695752,-0.263864084839391,0.218987013217291,0.248143751801627
"2013-07-10",0.227196713410512,-0.161001137878843,-0.263616029172869,0.226408763539919,0.24417168495415
"2013-07-11",-0.253672827028537,-0.188594273796155,0.214294000785059,0.418345880968305,0.117526196236976
"2013-07-12",-0.161398769939846,-0.274354530724221,0.231533754812586,0.216468307184693,0.259937157283849
"2013-07-15",-0.246217843122775,-0.187698887901655,0.208591527135738,0.415402822828386,0.115526270889718
"2013-07-16",-0.245618567114706,-0.187092991032879,0.206865484703838,0.417052037021722,0.118507443126265
"2013-07-17",-0.243371425866084,-0.188958815836325,0.208753319466066,0.415411551178736,0.118507443126265
"2013-07-18",-0.189122795063745,-0.245040977305689,0.208753319466066,0.415411551178736,0.118507443126265
"2013-07-19",0.214628390105424,-0.125528076363671,0.256338183038161,0.350223698135366,-0.402197453716821
"2013-07-22",-0.122614626408658,0.219004308032266,0.254458905247998,0.346148521468502,-0.401830639906851
"2013-07-23",-0.240516145684294,0.206865484703838,0.418672160618623,-0.188958815836325,0.118507443126265
"2013-07-24",0.205358505894802,0.421883160678261,-0.241596749396865,-0.192891353744632,0.120111667449931
"2013-07-25",0.42025232286249,-0.241596749396865,-0.191197937406633,0.202881426631144,0.120111667449931
"2013-07-26",-0.241596749396865,-0.191378634551252,0.418672160618623,0.204656002774588,0.120111667449931
"2013-07-29",-0.240355095926735,-0.193631179536846,0.418672160618623,0.204656002774588,0.120111667449931
"2013-07-30",-0.241205937344075,-0.194312783538415,0.418672160618623,0.204656002774588,0.120111667449931
"2013-07-31",-0.240227497062671,-0.193343073762745,0.418672160618623,0.204656002774588,0.120111667449931
"2013-08-01",0.202729175364406,-0.055433059029847,0.0268663272257232,0.452905666649451,-0.392075749176612
"2013-08-02",-0.0591626646225039,0.203518068992601,0.0284623399209942,0.461409963055039,-0.399277852615787
"2013-08-05",-0.253112998251449,-0.192527259937643,0.426070980907645,0.120736486909084,0.201907062466345
"2013-08-06",-0.195683230998712,-0.253899508760058,0.42341702366679,0.13365031756567,0.208149489569347
"2013-08-07",-0.215769218464027,0.41007723625926,-0.220895971573219,0.119740568622525,0.229932010811572
"2013-08-08",-0.241564320759409,0.42341702366679,-0.19985596736634,0.130795106127574,0.207230968074384
"2013-08-09",0.42602597179741,-0.196678149575159,0.13365031756567,0.206244062394889,-0.248617121813785
"2013-08-12",-0.199363652330545,0.130795106127574,0.204831572014027,-0.243074880703299,0.426340464316604
"2013-08-13",0.126342927920681,0.230080705592128,-0.214006474658732,-0.216810193765534,0.410003555889073
"2013-08-16",0.205658915628003,0.132238476675478,-0.242345504450906,-0.195413446552194,0.423334139805055
"2013-08-19",0.231288918523603,0.123105973484414,-0.214037800546458,-0.215443729364282,0.407071553357431
"2013-08-20",0.124179420944025,0.204923089056309,-0.243476284897721,-0.189863978403813,0.424848295432437
"2013-08-21",0.230811777127187,-0.206558603792654,-0.221780374656966,0.117201507494562,0.410906852412035
"2013-08-22",0.200118785851532,-0.243415467655383,-0.18818940731298,0.424848295432437,0.124179420944025
"2013-08-23",0.232088864076335,-0.209016330229675,-0.218501158917317,0.406284426526792,0.117759838379806
"2013-08-30",-0.244306633735614,0.198194407973988,-0.185533490317954,0.421695790797796,0.124179420944025
"2013-09-06",0.198194407973988,-0.187858048601749,-0.242709368844581,0.422682737183223,0.131412550981061
"2013-09-09",0.0140274366670696,-0.0293389241104142,-0.391539611568532,0.448075975502829,0.20480282911727
"2013-09-10",-0.0404030517788636,-0.390342980087797,0.0198116739740627,0.452449873181795,0.195723372613215
"2013-09-11",-0.391861781796792,-0.0211937849890451,0.0174925263471425,0.443894730179595,0.201120833419545
"2013-09-12",-0.336948907734131,0.378973146771865,0.272047130339468,0.160698329991474,-0.208349381365636
"2013-09-13",0.380527493400322,0.272047130339468,-0.336948907734131,0.162225138518133,-0.211008018627866
"2013-09-16",0.332705673932852,0.307154965698293,-0.334684050953457,0.17089911332112,-0.214938328404199
"2013-09-17",0.194516456939294,0.421764244089272,-0.183070426530169,0.131369174738945,-0.248457294202925
"2013-09-18",0.19476706767504,0.420262955878677,-0.181367502273461,0.12965032764978,-0.248457294202925
"2013-09-23",0.278366624147358,0.222265346773344,0.353280571189216,-0.116204827022781,-0.405461790825294
"2013-09-24",0.191166126381704,0.420366921692756,-0.177693922352038,0.127364913749949,-0.248754061054024
"2013-09-27",0.420366921692756,0.189477991446103,-0.182877035453906,0.131584396705956,-0.247046923952247
"2013-09-30",0.186980410407717,-0.181171122322303,0.126652518784054,-0.247046923952247,0.421748521184316
"2013-10-08",-0.181765503021949,0.123580048568668,-0.246749822168165,0.426370592018029,0.181993635343927
"2013-10-09",0.130359973128156,-0.1859641028804,-0.245454309534163,0.424348652379101,0.189515238694979
"2013-10-10",-0.188508499848925,-0.251467357989765,0.424348652379101,0.192256918594732,0.130359973128156
"2013-10-11",-0.254224243798577,0.427311197527429,-0.185751252317202,0.192256918594732,0.130359973128156
"2013-10-22",-0.249433774061417,0.42732183646095,0.192256918594732,0.133749377831378,-0.191561949768181
"2013-10-23",0.426111946936383,-0.195757702326057,-0.249674586653777,0.19645692213498,0.130419997328373
"2013-10-24",0.426955304263638,-0.199754321983959,-0.249674586653777,0.193432059445304,0.13064969786574
"2013-10-25",0.426031915165557,-0.201971450383847,-0.249674586653777,0.19645692213498,0.127436583729536
"2013-10-29",0.424086289569492,-0.193607492917647,-0.254974964591639,0.193432059445304,0.126771570756797
"2013-10-30",-0.194506255064144,-0.254479880152135,0.193432059445304,0.425610411239716,0.119500944697393
"2013-10-31",0.0185787725251511,-0.360091831645008,0.377284440869602,0.460680558197327,-0.329223991828026
"2013-11-01",-0.254718005080513,-0.191052360603277,0.192256918594732,0.425727368958721,0.118186491594567
"2013-11-04",-0.254986348516842,-0.186029945728512,0.424690287674272,0.192256918594732,0.118963020803615
"2013-11-05",-0.183576509058069,0.424690287674272,0.192256918594732,-0.254062113981245,0.118963020803615
"2013-11-06",-0.185022731932809,0.424690287674272,0.192256918594732,-0.253531706990079,0.118963020803615
"2013-11-07",0.425727368958721,0.192256918594732,-0.249679841743316,0.118186491594567,-0.192322723718816
"2013-11-08",0.186681488425669,0.425727368958721,-0.247146579889806,0.118186491594567,-0.191574380236843
"2013-11-12",0.279208715688337,-0.19809228032006,0.415753179164918,-0.26156325165406,0.0459270390836512
"2013-11-13",-0.200162931478307,0.416903807680334,0.277379944679634,-0.257427898194732,0.0365756863469046
"2013-11-14",0.319399725455733,0.296452789837428,0.0986320409976483,-0.21358060703617,-0.318100399448078
"2013-11-15",0.290943494466962,0.0959215388799075,0.326856131081467,-0.211271632205446,-0.319452317933856
"2013-11-18",0.0961783909154864,0.323468024250698,0.298661062902242,-0.21358060703617,-0.319475532539408
"2013-11-19",0.414508180171835,0.284941873587898,-0.259253733863955,-0.196389598435817,0.0325290658136782
"2013-11-20",0.175404383727103,0.438814705820361,-0.187539600308954,-0.250749179884226,0.111135532262012
"2013-11-21",0.111697511241481,0.427561467258008,-0.188573721448538,0.182777575494474,-0.245408011584453
"2013-11-22",0.444647480940578,0.146799657589238,-0.116830689169595,-0.002151520789325,-0.295204082672112
"2013-11-25",0.105372934499955,0.427363025947815,-0.189658777967812,0.183903166061535,-0.245342967325889
"2013-11-26",0.4941328726549,-0.379635713962825,0.341000668537105,0.0352370465044708,-0.307875900572131
"2013-11-27",-0.103366583517353,0.138326762529453,0.441292102610685,-0.00197951626111279,-0.300193716551812
"2013-11-29",0.435641202340313,0.17191818165329,0.114440323622653,-0.264148649217366,-0.184483534825174
"2013-12-02",0.169228736094206,0.117703080175615,0.434197529396376,-0.266249464613826,-0.184520603990504
"2013-12-03",0.447302964504366,-0.115496260607599,0.128314545239174,-0.00613238225193879,-0.296419023232498
"2013-12-04",-0.187276587074904,0.161286145311686,0.436149308503211,-0.262173605574667,0.117703080175615
"2013-12-05",0.440016654282292,0.143151537740644,-0.101839667970756,-0.00667958508144236,-0.296879569886948
"2013-12-06",0.208688972276291,0.4966128064828,-0.402223286022263,-0.235939015405361,0.121250852458384
"2013-12-09",0.16077790082968,0.43579212228006,0.117362281096863,-0.262193070240065,-0.186371176908763
"2013-12-10",0.436149308503211,0.117362281096863,0.154836657731468,-0.265572043328558,-0.180818716008294
"2013-12-11",0.149439507926982,0.440016654282292,-0.0158623269717425,-0.297685714163872,-0.103627221345484
"2013-12-12",0.438818510117848,0.149439507926982,-0.0174492968963825,-0.297685714163872,-0.100975056831131
"2013-12-13",0.22978500346078,-0.027257506664411,0.426197280196596,-0.397375089183415,0.0296533402057376
"2013-12-16",-0.0828152271226805,-0.334385729718692,0.438029998026923,-0.300658446494714,0.378937933375425
"2013-12-17",-0.0207087332543476,0.426197280196596,-0.399751653702973,0.225335864228749,0.0330424176939163
"2013-12-18",0.42760036687516,-0.398806502372828,-0.0224785935485509,0.223128941241432,0.0305128831100431
"2013-12-19",0.442653186459151,-0.290313597550354,-0.019902042130398,-0.119588514188075,0.130210836589713
"2013-12-20",0.105853004380374,-0.174920650164038,0.228064993287561,-0.407713220564463,0.498895857038867
"2013-12-23",-0.257284674404804,0.135112231596118,-0.190115376418825,0.121232649839232,0.434705084725936
"2013-12-24",-0.257850295988446,0.135112231596118,-0.188957850738315,0.121232649839232,0.434705084725936
"2013-12-27",-0.0137578450384253,0.130210836589713,0.442922927407495,-0.116760145491425,-0.292000804597299
"2013-12-30",0.10785328406926,0.229921168644459,-0.408226773069095,-0.165422353794359,0.497811532674659
"2013-12-31",0.299732226006579,0.126010600707809,-0.168505200124337,-0.240021255245088,0.352246378252613
"2014-01-02",0.361493453857109,-0.406648743085707,-0.085898759056869,0.237177781044612,0.191900214212539
"2014-01-03",0.119461062612774,-0.17117385687922,-0.263632782620868,0.43424379365697,0.126935567430209
"2014-01-06",-0.298069682624061,-0.0981202928449321,-0.324185781539796,0.364641581986112,0.440117574517058
"2014-01-07",-0.413934804662146,0.203979701805231,0.444363128644881,0.0187721569169656,-0.00297391604163655
"2014-01-08",0.208266925070218,0.444790480257474,0.0259377875535414,-0.0152110001245522,-0.413906164926639
"2014-01-09",0.134421937513698,-0.177046885831308,0.118786545189391,0.433179088809693,-0.261465095084199
"2014-01-10",-0.184826486659381,0.137954409580451,0.118786545189391,0.434434193217387,-0.259873989166449
"2014-01-13",-0.186138981176609,0.135824420113435,0.118786545189391,0.435442571505385,-0.259873989166449
"2014-01-14",0.127348467774641,0.138802472640331,0.431172119734503,-0.256995295748346,-0.190224616970601
"2014-01-15",0.212434463538472,0.410980555641409,-0.215545687686344,-0.224848089840182,0.0927044058387714
"2014-01-16",0.131131253490858,0.124995325047584,0.431502191359364,-0.258007099365228,-0.18323616147837
"2014-01-17",0.430006181341487,0.124995325047584,-0.259098970530562,-0.182413773383573,0.131943793395329
"2014-01-21",0.1298692970933,0.428395715248984,-0.259098970530562,-0.18484031504695,0.131943793395329
"2014-01-22",0.429934468610288,-0.259098970530562,0.129866724699387,0.131943793395329,-0.183795642398977
"2014-01-23",0.437142538956914,-0.0218623879690181,0.222466725098404,0.010784535155211,-0.402227434252888
"2014-01-24",-0.262496901968943,0.130374123735827,0.132328015956321,0.429472603518256,-0.178945068319266
"2014-01-27",-0.184873802463423,0.141840892926837,0.130481661230084,0.423360317619297,-0.256956977260871
"2014-01-28",0.310616880281303,0.292081232301353,-0.228934462964496,0.0888514995241119,-0.307596884231204
"2014-01-29",0.296338324207711,0.309715987738426,-0.232160000236877,0.0869229952233207,-0.307596884231204
"2014-01-30",0.292974268218052,0.306730485609002,-0.229448509435496,0.0895532365606158,-0.307596884231204
"2014-02-07",0.426395152221884,-0.188070249902782,-0.256628899462774,0.139278734843618,0.126144415804507
"2014-02-10",0.149564107797377,-0.102882170740294,-0.0108321647598889,-0.300814915397752,0.4353949271175
"2014-02-11",-0.182173934902823,-0.25844077513031,0.139657990395806,0.424610384931116,0.126225345814266
"2014-02-12",0.0405408756448102,-0.0218623879690181,0.218649718705585,0.420343997132081,-0.39795472767076
"2014-02-13",-0.231784985660183,-0.407266400860356,0.207695675953538,0.463470086703086,0.199457634486447
"2014-02-14",-0.184677222935244,0.144910471276996,0.427682689420937,-0.263295603063272,0.126225345814266
"2014-02-18",0.137476763603122,0.429221729844636,-0.184191362270327,-0.258392335501723,0.129787304917994
"2014-02-19",-0.0158522543936894,0.436636709381379,-0.108886188268645,-0.297912227853164,0.16951239654459
"2014-02-20",0.441166069634305,-0.110740714444766,-0.302588058366508,-0.0210091858605756,0.162591605759668
"2014-02-21",-0.107572310260151,0.443785593581977,-0.304066826575036,-0.020520172996383,0.135088648403487
"2014-02-24",0.446118692046274,-0.301324416055173,-0.107325458750433,-0.0247109153799484,0.130428660909474
"2014-02-25",0.435099363244212,-0.263412214853407,0.126811067802673,-0.183033398833998,0.120109347342307
"2014-02-26",-0.259113132831311,0.125433566971243,-0.189730448064805,0.124512750980505,0.433761570026266
"2014-02-27",-0.0208128473318252,-0.111637474391889,-0.304808001125681,0.441312114013252,0.150466633662226
"2014-02-28",0.214414716679485,-0.0316172879190096,-0.402834178583382,0.422508157428737,0.0499199019204174
"2014-03-03",-0.257846791968188,0.124512750980505,0.438383962295264,0.122318639337725,-0.191417257654418
"2014-03-04",0.214414716679485,0.421899656880561,0.054031502723024,-0.0329275825703347,-0.400832481764218
"2014-03-05",0.183662077967393,0.432006380021995,0.0660716756228157,-0.254765905687302,-0.203173874592252
"2014-03-06",0.421409444533109,0.050571038315058,-0.0329275825703347,0.212200773698351,-0.400832481764218
"2014-03-07",0.422995450226166,0.0427468852314951,-0.0329275825703347,0.212200773698351,-0.400832481764218
"2014-03-10",0.424760796722911,0.035862394018734,-0.0302322603618243,-0.403601193418244,0.212121138976719
"2014-03-11",0.451643337011934,-0.305969815573461,-0.114413742594723,0.103081987814443,-0.0179965525103027
"2014-03-12",0.451805460155261,-0.303690879471109,-0.121387910249552,0.110520511782378,-0.0200052057403099
"2014-03-13",0.435933650882822,-0.26152500464842,0.117340370277894,-0.191474236304455,0.126208865134695
"2014-03-14",-0.306713887666925,-0.115563506511759,-0.0200052057403099,0.113055617944941,0.451805460155261
"2014-03-17",-0.203849628120398,0.434769369559037,0.122155586732795,0.133860600109192,-0.257831219426665
"2014-03-18",0.435596860044254,0.118843190359003,-0.202256819519425,0.133879196591812,-0.257831219426665
"2014-03-19",0.11683702597882,0.435596860044254,-0.200650157451482,0.133879196591812,-0.259492006933153
"2014-03-20",0.038557990172529,0.423551952584455,-0.402736022208405,0.207553973490538,-0.0302322603618243
"2014-03-21",0.0352870368899352,0.425023667922098,-0.405238462203191,0.216002957604538,-0.0383741121241438
"2014-03-24",0.429184786443486,-0.407290290486637,0.226611111912229,0.0419731564516274,-0.0521145626498977
"2014-03-25",0.112570569838616,-0.212207556277699,0.129497279109089,0.441644401111791,-0.256243826827837
"2014-03-26",-0.209243920318874,0.115252342388671,0.130775124439908,0.440067664860752,-0.258025227695483
"2014-03-27",-0.2109654912714,0.119336004425309,0.130775124439908,0.440067664860752,-0.258025227695483
"2014-03-28",0.116979382539047,0.131168750797738,0.44144415835131,-0.210610232580695,-0.261219765704368
"2014-03-31",0.0404470250263503,0.431367957266988,-0.412983421977496,0.218040694594448,-0.0421596727438197
"2014-04-01",0.170120716080892,0.439815384225515,-0.221881685078726,0.0873540779099046,-0.260315909534403
"2014-04-02",0.168507001610816,0.439815384225515,-0.220322875002848,0.083192588779047,-0.260401414051712
"2014-04-03",0.448366783262552,-0.12248896199702,0.131623321175524,-0.313596117205797,-0.0142784599646035
"2014-04-04",0.439330599423921,-0.213143377920706,0.0865335251601821,-0.260315909534403,0.160190266436125
"2014-04-08",-0.223207017516233,0.0794101447572182,-0.260315909534403,0.447239853235742,0.161512487308415
"2014-04-09",0.0942404156943825,-0.40323965608625,-0.283200524313599,0.515910683623209,0.162526429966345
"2014-04-10",0.427298141532537,-0.295487561123111,-0.08579198178883,0.39510440040622,-0.358405475316547
"2014-04-11",0.429568703858616,-0.298147879455237,-0.0926246342949406,0.397969231631027,-0.358927045524315
"2014-04-14",-0.111488053048275,-0.312222088301192,0.161964796716467,0.440169159569024,-0.0164660721951776
"2014-04-15",-0.309100232212999,-0.11360629940793,0.162159968455092,0.438707688097197,-0.0164660721951776
"2014-04-16",-0.107332616471894,0.162159968455092,0.437312744038364,-0.306546587254884,-0.0164660721951776
"2014-04-17",0.439732679123974,-0.205479922613282,0.118655842712884,0.133879196591812,-0.262063357149925
"2014-04-22",0.438201283264571,-0.209124398563673,0.121655204364861,0.135732064829605,-0.262063357149925
"2014-04-23",0.438735309760222,-0.21356861296586,0.118600948146723,0.134270054059288,-0.259197100229999
"2014-04-24",0.441276793750694,-0.314038778604436,0.15735962372091,-0.116927629477659,-0.0164660721951776
"2014-04-25",-0.313262101013443,0.159816893988259,0.436331903036322,-0.108132623531633,-0.0164660721951776
"2014-04-28",-0.314643758776728,0.159816893988259,0.441336165168513,-0.118331350609814,-0.0164660721951776
"2014-04-29",0.0124391664811768,0.452793631782752,0.196732361930526,-0.0173347650324809,-0.428676181881968
"2014-04-30",-0.113185298253453,0.161767448380758,0.440371444988647,-0.0164660721951776,-0.318976551458099
"2014-05-05",0.223186292198288,0.122425087327886,0.414658376042154,-0.106478214174163,-0.356400812362056
"2014-05-07",0.129221939506157,0.221416418656963,0.414802880872239,-0.108203530533576,-0.356342247052062
"2014-05-08",0.223811180739262,0.412842604885383,0.124817767753297,-0.106039165969617,-0.354531537409039
"2014-05-09",0.413455141612269,0.132435154836478,0.222709673618258,-0.109230652395709,-0.354969214699225
"2014-05-12",0.452759222694431,0.202425529741647,-0.0159575332012393,0.0128761061658536,-0.433294420374185
"2014-05-13",0.449780434350604,0.204551921943126,-0.0186861166796636,0.00512009941466891,-0.42980686204438
"2014-05-14",0.204551921943126,0.453469073037609,-0.0186861166796636,0.0111119982593072,-0.433294420374185
"2014-05-15",0.442707261256009,-0.0151041858923578,0.0169782344963004,-0.431284257605901,0.200106288564985
"2014-05-16",0.169350305023231,0.43539018388873,-0.0159997676659549,-0.320528715066391,-0.120554665732433
"2014-05-19",0.43685122231229,-0.0164660721951776,-0.12486082153922,-0.319726293972152,0.164253760792937
"2014-05-20",0.441551159368779,-0.0198582521650867,-0.125474076496479,-0.321876215892202,0.153909300925433
"2014-05-21",0.439494400439362,-0.0212178012220295,-0.12276732868254,-0.322007377553376,0.161553102490806
"2014-05-22",-0.0240461362934832,0.43539018388873,-0.118807651026256,-0.318380320071781,0.161553102490806
"2014-05-23",-0.0181232269972223,0.43539018388873,-0.118409730635993,-0.318380320071781,0.166667420572985
"2014-05-27",0.433570415044652,-0.10985271744094,-0.316372472458752,-0.0258389015008923,0.166667420572985
"2014-05-28",0.4324743571169,-0.108323100729693,-0.315762604910368,-0.0258389015008923,0.166667420572985
"2014-05-29",0.429714757428886,-0.109306935356741,-0.314985940926496,-0.0258389015008923,0.166667420572985
"2014-05-30",-0.123853756961625,-0.317234392871572,-0.0258389015008923,0.154371558074227,0.438204773689548
"2014-06-03",-0.320880648203563,-0.0258389015008923,0.149130311699725,-0.111040505481507,0.437560407643921
"2014-06-04",-0.0314425596949195,-0.316096922141963,0.154079520847051,-0.12166891818197,0.437833536328819
"2014-06-05",-0.312363667109362,0.149466032918788,-0.0286202578061453,-0.118138063224703,0.436308660384334
"2014-06-06",0.149271705128626,-0.026039661530029,-0.312092277640263,-0.121770657034971,0.437300598180372
"2014-06-09",-0.0301057276793732,-0.312933321352815,-0.126980999050114,0.44019602098071,0.149271705128626
"2014-06-10",-0.310894488890552,-0.0258389015008923,-0.127109930967867,0.438750023677154,0.15204072760695
"2014-06-11",-0.026039661530029,-0.129523441456529,0.44000452931021,-0.310894488890552,0.15340164183545
"2014-06-12",-0.0218533041143981,-0.126780594346134,0.44000452931021,-0.312592323347626,0.15340164183545
"2014-06-13",-0.0151930827062243,-0.124538250462796,0.44000452931021,-0.312592323347626,0.15340164183545
"2014-06-16",-0.0155709416324004,-0.120678146485532,0.438460292591683,-0.314058743141641,0.15340164183545
"2014-06-17",-0.12216801796615,0.437502849147164,-0.314058743141641,-0.0104036623836264,0.155436015450079
"2014-06-18",0.437087496317473,-0.310894488890552,-0.126869323069551,-0.011467916019782,0.148592043989763
"2014-06-19",0.437502849147164,-0.316636286436107,-0.121831383292206,-0.0172734130307938,0.155436015450079
"2014-06-20",-0.314325773626301,-0.115358747470527,0.433445175741998,-0.0194736110052499,0.161053764377269
"2014-06-23",-0.11918857903813,0.434853874806837,-0.314325773626301,-0.0178588002055067,0.164187610392787
"2014-06-24",0.435716159512974,-0.318180894548363,-0.0211438604784236,-0.113839356240594,0.168264707264406
"2014-06-25",-0.31563585451529,-0.022142173670481,-0.113826741358151,0.433145527672335,0.168264707264406
"2014-06-26",-0.0193884277672647,-0.109184869019165,0.433145527672335,0.168264707264406,-0.316872573701664
"2014-06-27",-0.0080458151849664,-0.111874746898901,0.435602118912962,0.170188647262453,-0.319928596594501
"2014-06-30",-0.110573119626215,0.433170203409231,0.170188647262453,-0.3180402464304,-0.00569762616426342
"2014-07-03",0.427602216682838,0.201948571042805,0.0535212180386775,-0.0372084372204088,-0.412306464225631
"2014-07-07",-0.013060602650127,0.436098589170389,-0.106954387547753,0.16991710098534,-0.320305829377214
"2014-07-09",0.377655409593743,-0.340155789524194,0.430479905565527,-0.111557119402828,-0.298503718830963
"2014-07-10",0.371745132563957,-0.339615380801698,0.431532902100889,-0.109510187341627,-0.29943436186194
"2014-07-11",-0.339615380801698,0.431580931440838,0.373366900401161,-0.106335159798391,-0.300002246317944
"2014-07-14",0.156187769039834,0.4383958623104,-0.111094609347179,-0.318438588932582,-0.0140426297456762
"2014-07-15",0.434490838011297,0.200482618373679,-0.410952143407789,-0.0541566979883168,0.0554084763146174
"2014-07-16",0.426131390008936,-0.134426539081619,-0.324249780078449,0.00257841220736687,0.134193651718381
"2014-07-17",0.448799977139918,-0.00741484814380026,-0.130191339563766,-0.311128086689707,0.0917898351510864
"2014-07-18",0.450092142312369,-0.311550183267848,-0.131494786893583,-0.00758113284612971,0.0917898351510864
"2014-07-21",-0.311550183267848,-0.129486523397294,-0.0100629529027939,0.447823106704052,0.0938458246548642
"2014-07-22",-0.343466579028525,-0.104047151185188,0.373159307706942,0.430497469919603,-0.298406092493496
"2014-07-23",-0.0587272286014084,0.429604402317786,0.0459424933873172,0.202357502979679,-0.408626552530008
"2014-07-24",-0.114682211512718,0.409368388123898,-0.356890424641582,0.10321106780963,0.25217416257728
"2014-07-25",-0.168084656157565,0.183163016320546,-0.426775614788534,0.490635902988581,0.127519381103549
"2014-07-28",0.187155987883584,-0.425197797922023,0.495150986583509,-0.174927133642525,0.127519381103549
"2014-07-29",0.41345650996367,0.213185687058704,0.072328669408682,-0.0583414042810876,-0.407986088356738
"2014-07-30",0.144421011809612,0.116344697105627,0.521580305246303,-0.417075547201461,-0.289742491604973
"2014-07-31",0.149886454914392,0.109583885768696,0.522850050703414,-0.418508150050319,-0.289225300031602
"2014-08-01",0.371329874746232,-0.338174399825728,0.432017183784337,-0.301372995066865,-0.112328581314459
"2014-08-04",-0.338174399825728,0.371558542116187,0.433430278985792,-0.301372995066865,-0.114579510057037
"2014-08-05",0.325100398330139,0.344160602214456,-0.428699483358206,-0.182021184805365,0.226745743451336
"2014-08-06",0.330663605800482,0.342104102959483,0.227427309910226,-0.19057530726074,-0.430051148808688
"2014-08-07",0.100231589576221,0.246941988062352,0.414020347798998,-0.107484423949367,-0.4110119048293
"2014-08-08",0.0985017626456307,0.245837865982482,0.412622680405172,-0.101212014070744,-0.412237629121063
"2014-08-11",0.245853906364532,0.0927237767014621,0.416131883106014,-0.101212014070744,-0.411320789833133
"2014-08-12",0.08416838028053,0.421385789473345,-0.107484423949367,0.249580451196028,-0.410095183979796
"2014-08-13",0.404059205872538,0.111534429318982,-0.101061743638387,0.243613819694868,-0.409840409521377
"2014-08-14",0.202901627263314,0.546550667774942,-0.215756064723594,-0.213269425701931,-0.28679329123271
"2014-08-15",0.537107973828647,0.208960715796445,-0.215512612904573,-0.191827743712515,-0.291381208260623
"2014-08-18",0.54580141885043,0.202901627263314,-0.215756064723594,-0.201966783601178,-0.288504099787444
"2014-08-19",0.545799541741235,0.202901627263314,-0.215756064723594,-0.212738947611632,-0.285003163025288
"2014-08-20",0.401622536061892,-0.103355810760694,0.2507252617708,0.102219179628168,-0.410171616674073
"2014-08-21",-0.105368580210915,0.25233258030195,0.402475002056898,0.0958132272750397,-0.40901883682169
"2014-08-22",0.24681911414862,-0.101330393995913,0.405503172153509,0.0992209630207753,-0.40901883682169
"2014-08-25",-0.196301842873934,0.340451052133528,0.31800928233541,-0.427977455375351,0.238093399023147
"2014-08-26",0.449079381586488,0.0635817726874185,-0.0596714315797548,-0.339121324397232,-0.0353316010529028
"2014-08-27",0.410782130264117,0.174650600376324,0.0124258139863474,-0.316342091790636,-0.137171048888928
"2014-08-28",0.160539445658282,-0.411288491468538,0.26596043511922,-0.167169270800267,0.380468805560269
"2014-08-29",-0.410324213180484,0.267088418557808,-0.16914877405687,0.382981953582381,0.154799369891004
"2014-09-02",0.267088418557808,-0.410324213180484,-0.166906779806836,0.382654654303691,0.157667961778429
"2014-09-03",-0.410030445021036,0.265702951177754,-0.172302688551738,0.381444450198223,0.16622458602808
"2014-09-04",-0.408485107394639,0.265890641597764,-0.169562515619323,0.386282149982959,0.153481668394612
"2014-09-05",0.265702951177754,-0.407236385989429,-0.174828809296139,0.385221031972683,0.16363183470356
"2014-09-10",0.262707932502878,-0.404950979467252,-0.174828809296139,0.384662423692953,0.162553486958951
"2014-09-11",-0.30056657273321,-0.341230901351324,-0.129785188237267,0.378591456091529,0.430245396277
"2014-09-12",-0.30084636728088,-0.340430871851696,-0.129785188237267,0.380211098680674,0.430342302615835
"2014-09-15",-0.340430871851696,-0.129785188237267,0.379855508733258,0.431193662711219,-0.299880228694767
"2014-09-16",-0.174828809296139,0.264542894215881,0.380375865617047,0.178343649769756,-0.408107967007995
"2014-09-17",-0.173179771764674,0.268801618251702,0.380375865617047,0.172864582575406,-0.408955865129411
"2014-09-18",-0.166035811449082,0.264481505944368,0.380375865617047,0.176304238799359,-0.407991255896168
"2014-09-19",-0.19088319299476,-0.288479214288392,0.389853064672418,0.264963359200882,0.0484905342056309
"2014-09-22",-0.338592161472548,0.381035063497967,0.434164840739178,-0.301757975409241,-0.132401596296039
"2014-09-23",0.379755818026162,0.435571755770166,-0.339762831238427,-0.300654251065308,-0.132401596296039
"2014-09-24",0.381213226850618,0.43570074021631,-0.339762831238427,-0.301901238947043,-0.129536269226566
"2014-09-25",0.381213226850618,0.434232597280456,-0.339450664556815,-0.302002983073541,-0.129536269226566
"2014-09-26",0.380851261360394,0.434284164088147,-0.341862175431245,-0.30230995617343,-0.12815641998086
"2014-09-29",0.156616165667732,-0.348933580284904,0.259018384703763,-0.148284977593594,0.403346217182017
"2014-09-30",0.0571614334653907,-0.304446506843873,0.258909608746481,0.384079504138583,-0.162704869254074
"2014-10-08",0.0623929672254747,-0.304136513289138,0.252727741967484,0.385753884813761,-0.161796998463087
"2014-10-09",-0.30734619960254,0.0535156952352977,0.251268937661406,0.391761002955719,-0.161796998463087
"2014-10-10",0.0565650700122934,0.251585692177567,0.388850158291373,-0.304890748511703,-0.159627611203372
"2014-10-13",0.251585692177567,0.387462956515648,0.0572386192671188,-0.301342232127469,-0.161933024654611
"2014-10-14",0.38945112340702,0.0585975326330153,-0.310355930286192,-0.160705007719701,0.247736877233937
"2014-10-15",0.0636863764269043,0.383164970546232,-0.303690155210961,-0.162823014370858,0.256605983613443
"2014-10-16",-0.094821415507538,0.195151489242151,0.148988054208501,-0.371366446571898,0.408070111921996
"2014-10-17",0.377797846973811,-0.180387439905926,0.264284622172699,0.185609936437514,-0.406726148603657
"2014-10-20",0.375185269928135,-0.180387439905926,0.266187820230286,0.194156051869202,-0.40894735736414
"2014-10-21",-0.148284977593594,-0.350122319068341,0.150923187069459,0.245055254667978,0.408769486193133
"2014-10-22",-0.185223128245216,0.264993977624449,0.192566151807092,-0.407749138978659,0.375185269928135
"2014-10-23",-0.185612387917569,0.264993977624449,0.195378172174872,-0.410340022348793,0.375185269928135
"2014-10-24",-0.180273172503264,0.265745566001932,0.188699798512319,-0.409139571240397,0.375185269928135
"2014-10-27",-0.177536181021632,0.264417556685658,0.18815353236135,-0.409139571240397,0.377532508349979
"2014-10-28",0.262971009180439,0.174690721215116,-0.409139571240397,0.388398934080462,-0.176851105809394
"2014-10-29",0.141530745133214,-0.349875423395493,-0.14005100527402,0.40792883116914,0.251162024241067
"2014-10-30",-0.349963954853894,-0.137819967793953,0.404766250877943,0.255572577348272,0.132449278925091
"2014-10-31",-0.176010932657177,0.257250734173712,0.382097936483849,0.185587368912874,-0.40546790594338
"2014-11-03",0.260540908387751,0.384435598013338,-0.176010932657177,0.183516244012892,-0.406297072395019
"2014-11-04",0.375676510060337,-0.178558306154307,0.259031297512123,0.193774543636295,-0.404228238419014
"2014-11-05",-0.176010932657177,0.259823430224862,0.385993667982227,0.169782289316676,-0.404169084677279
"2014-11-06",-0.176010932657177,0.259823430224862,0.388347165133995,0.167107733465974,-0.402494487996524
"2014-11-07",0.259823430224862,0.16641606044515,0.387221354590002,-0.176010932657177,-0.402494487996524
"2014-11-10",0.387466547851075,0.173098731386544,0.262181307059993,-0.176010932657177,-0.405760996207122
"2014-11-11",0.145524028245663,0.251506855000813,0.390610821363248,-0.156669361319442,-0.402216082242119
"2014-11-12",0.15445502156851,0.250403896568112,0.385997269140127,-0.154108836443948,-0.403609332444533
"2014-11-13",0.149385231704256,0.256705420143847,0.384274190030154,-0.160055558649012,-0.402012807859438
"2014-11-14",0.25697841161107,0.384740456689866,0.148457502011817,-0.158757643082456,-0.403609332444533
"2014-11-17",0.382351244549488,0.254730592016552,0.151777358730341,-0.15825700298402,-0.402512590401272
"2014-11-18",0.408403940334449,0.255886294152644,-0.346765888665416,0.097353901738391,-0.138068607358807
"2014-11-19",0.26327857785524,0.174107659667347,-0.171376726443552,0.377210444647647,-0.408914945275775
"2014-11-20",0.261307325215758,0.173682157998686,-0.176317020435172,0.377210444647647,-0.404178363747254
"2014-11-21",0.437842048699042,-0.284106802253663,-0.199489264097807,0.375961939492219,-0.248980450513454
"2014-11-24",0.111472978803111,0.0690288946763271,-0.324744413765427,-0.132543370467771,0.416896681931851
"2014-11-25",-0.323704252550984,-0.133225557465188,0.414223642651744,0.128103068815646,0.0620845862720835
"2014-11-26",-0.277119749623584,-0.201482458259659,0.376591443472538,0.438423163807313,-0.249228545324085
"2014-11-28",-0.133425626638241,-0.329936623566656,0.405398315302041,0.121584060084121,0.165076288283198
"2014-12-01",-0.178338121297178,0.267805136318465,0.377227562731911,0.178018303768781,-0.400247615641399
"2014-12-02",0.267805136318465,0.378349007906665,0.178561112104584,-0.400247615641399,-0.177514072191319
"2014-12-03",0.374738915213878,0.186591941830046,-0.400247615641399,0.26646637766624,-0.177514072191319
"2014-12-04",0.373306452439137,0.189050882459096,-0.398923053246071,0.26646637766624,-0.178685819839908
"2014-12-05",0.132077090122275,-0.401842003254808,0.249484706666702,0.385031111367426,-0.103062846418152
"2014-12-08",0.448180838805631,-0.226910284854555,0.148351715032112,0.0522321533115937,-0.264878677555016
"2014-12-09",0.249484706666702,0.386456883507744,-0.401842003254808,0.127191876779079,-0.104794687561494
"2014-12-10",-0.229094968652636,0.151561577926503,0.0370516125215565,0.44862392587275,-0.260005136839742
"2014-12-11",-0.230938522610206,0.151589850582316,0.032764428769473,0.450153516227884,-0.257514009615237
"2014-12-12",-0.399982524790959,0.389129988596015,0.126033860240815,0.245145610604291,-0.0963386380356661
"2014-12-15",0.391571477443496,0.241071004154198,0.123195572108095,-0.0941807359922987,-0.400198086086332
"2014-12-16",0.068363286466215,0.0687955424472799,-0.123266079245641,0.430744985399445,-0.320084410340629
"2014-12-17",0.0667622769242464,0.0608812223586058,-0.123861004661172,0.430175907796049,-0.315688218804958
"2014-12-18",0.0608812223586058,0.0637240153403456,-0.123861004661172,0.431302857469366,-0.316342370603358
"2014-12-19",0.0608812223586058,0.0637240153403456,-0.124371414241139,0.43086840874861,-0.318123310959999
"2014-12-22",0.0252279261114256,0.457806626834442,-0.233335854318942,-0.252804720390115,0.116801131555401
"2014-12-23",0.0587294103168827,0.0611870002912554,-0.128783271125893,0.431310457867672,-0.31700000553089
"2014-12-24",0.113958116776011,0.243625467060773,-0.100987705391901,0.393074453241728,-0.401560809331157
"2014-12-29",-0.405570403827182,0.242084747234463,-0.096805190218505,0.398370229091949,0.108981909238692
"2014-12-30",0.44928191044938,0.023094297474546,-0.226281591398462,-0.253425113281761,0.132104891872074
"2014-12-31",0.0249234736755795,-0.234939881574446,-0.256728653817009,0.138704800239143,0.449070788995306
"2015-01-05",-0.231988831705107,-0.256728653817009,0.14105720594802,0.447624270797899,0.0286746609061901
"2015-01-06",-0.255767857251562,0.142675139573442,0.448090425524723,-0.234975016250613,0.0314554773862089
"2015-01-07",-0.0838668979909136,0.396849028940802,0.107752407569627,-0.400653592198489,0.22805245676766
"2015-01-08",0.14105720594802,0.446654901964475,-0.230550166281036,-0.260734594831682,0.0500592404751826
"2015-01-09",0.106144359988687,-0.39830826727578,-0.0905234833107874,0.395541874935948,0.234870416799984
"2015-01-12",-0.338095872032867,-0.108833328547332,0.425761581838763,-0.302965085434542,0.364459985983976
"2015-01-13",-0.238531882550574,-0.258738947953158,0.450813657308798,0.14105720594802,0.0395067349669238
"2015-01-14",-0.256883466496537,-0.239148072140448,0.450537259363391,0.14105720594802,0.0303884965077655
"2015-01-15",-0.237141681368627,-0.255000693794354,0.450773605032823,0.14105720594802,0.0303884965077655
"2015-01-16",-0.119157294128029,-0.311757513924177,0.431898620665398,0.0490850762258849,0.0645462335859285
"2015-01-20",-0.0863491751422211,-0.399073430473042,0.396722378105497,0.108373194801199,0.228905070422822
"2015-01-21",-0.313405709629009,0.430064394638186,-0.103156365919512,0.0436582253275851,0.0602276863599706
"2015-01-22",0.430064394638186,-0.100592389412153,0.0436582253275851,-0.315054854158073,0.0602276863599706
"2015-01-23",-0.108575004717372,0.433343015831956,0.0424485649446664,-0.313405709629009,0.0612942231853733
"2015-01-26",-0.254254570146282,0.462875184318816,0.0839503326973403,-0.208488061244272,0.0274556120190272
"2015-01-27",-0.334839893544063,0.450551819633917,-0.0113218485649529,-0.039164000001235,0.0207719433383109
"2015-01-28",-0.328777009020518,0.444984699587548,-0.0118654750774877,-0.0345162706189825,0.0228576124485212
"2015-01-29",-0.330871673937876,0.44827574742915,-0.00842112916025902,-0.0404138484921117,0.0235951679713558
"2015-01-30",0.425230118203468,-0.10012455722489,-0.339009016606846,-0.304112746872514,0.372799609401549
"2015-02-02",0.399427659476003,-0.0927262666237484,0.117894535285572,0.241088841106905,-0.405590544550156
"2015-02-03",-0.0811347116944145,0.401258771431046,-0.403599659086075,0.112094362391289,0.234482793268462
"2015-02-04",-0.102658602699284,0.427745792604145,-0.340477932447244,-0.306889836195536,0.372691972023002
"2015-02-05",0.449753838211776,-0.330495558129467,-0.00627819662677309,-0.0433667220058881,0.0260743591274026
"2015-02-06",-0.312368445512697,0.0103232033523596,0.450972978136288,-0.0856117281032596,0.0179397169695347
"2015-02-09",0.40125408319083,0.22479382433458,0.107092598708534,-0.0739646900241024,-0.405332406528198
"2015-02-10",0.0664191169870146,-0.208791004712138,0.468502204088616,-0.232394479340108,0.0217818572489753
"2015-02-11",-0.399439188968791,0.393642566885589,-0.151863186626616,0.143841845455117,0.249157772762425
"2015-02-12",0.393642566885589,-0.151863186626616,0.145401689407564,-0.399439188968791,0.248602020546009
"2015-02-13",0.37589305819686,-0.112586841611602,-0.30270747963185,-0.342719071854332,0.433288360887712
"2015-02-17",-0.114779160964277,-0.30270747963185,-0.342719071854332,0.43605855940779,0.37589305819686
"2015-02-25",-0.111358702499489,-0.30270747963185,-0.344190651106385,0.435885209247907,0.376913097437064
"2015-02-26",-0.306160681819386,-0.343132694926654,0.438422864509682,-0.112730937742396,0.376913097437064
"2015-02-27",-0.343132694926654,0.439661699069129,-0.112730937742396,0.376913097437064,-0.304645502791324
"2015-03-02",-0.34348104671189,0.442057448896805,-0.116794023151874,0.374344095545425,-0.302872603355061
"2015-03-03",-0.343689915866567,0.440432014501996,-0.113207847109478,0.375521487474036,-0.301196472571898
"2015-03-04",0.445002339500462,-0.342950515062725,-0.116794023151874,0.37095014047107,-0.30253980458317
"2015-03-05",0.133400290146123,-0.238250318565406,-0.241150775417336,0.461787661332259,0.0265707995571938
"2015-03-06",-0.404928298012884,-0.09626189817505,0.237953385165201,0.409175314530917,0.110154813728409
"2015-03-09",-0.313988479221547,-0.111342241397933,0.0258154923750498,0.452898782116717,0.037346802990268
"2015-03-10",-0.40099117984723,-0.14483676851554,0.24568450064559,0.404632964678388,0.127756863369751
"2015-03-11",-0.402030811773535,-0.092821483378824,0.237228560474184,0.406187673284625,0.109550835545232
"2015-03-12",0.234380691312323,-0.0926353032659682,0.107093262596987,0.409615461012595,-0.402030811773535
"2015-03-13",-0.143508205490795,0.129166406587814,0.402942865407398,-0.39963607675696,0.247065972563069
"2015-03-16",-0.108453057632112,0.374978895607653,0.442838379374438,-0.340037627315224,-0.304814949810628
"2015-03-17",-0.105704156364679,0.376527152352699,0.443579502934684,-0.341095714110058,-0.301711332960707
"2015-03-18",-0.066288394167013,0.212722600130101,0.418002931628499,0.0983851347102815,-0.402885399196679
"2015-03-19",0.212706728552837,0.419078300442595,-0.066288394167013,0.100622077986315,-0.402171151618813
"2015-03-20",0.420364991637523,0.208539265468929,-0.0603925025236851,0.100593474856388,-0.402171151618813
"2015-03-23",0.454620099143849,0.370649676476892,-0.102302968269455,-0.305635229756721,-0.342702089147024
"2015-03-24",0.419429356918626,0.208539265468929,-0.0603925025236851,0.100622077986315,-0.402171151618813
"2015-03-25",0.372228733808502,-0.102302968269455,0.455308343038535,-0.304154334713633,-0.344820264400184
"2015-03-26",-0.0969669602340242,0.452355492302916,0.371261838638267,-0.304743844080221,-0.345643795230367
"2015-03-27",-0.100870268475613,0.45371795901015,0.372399023803568,-0.304743844080221,-0.344820264400184
"2015-03-30",0.4568266215913,0.371344685463508,-0.304743844080221,-0.344820264400184,-0.102302968269455
"2015-03-31",0.420073262983308,0.0985859174288592,0.213435017270112,-0.066288394167013,-0.401349716578623
"2015-04-01",0.456201183302299,0.371344685463508,-0.302992645722255,-0.346627761663606,-0.102302968269455
"2015-04-02",0.43010793118244,0.112922084079253,0.223672557915509,-0.353037542842436,-0.104952056183095
"2015-04-07",0.374070584373953,-0.302296912155159,0.4512593584543,-0.344078975424591,-0.0980677548517245
"2015-04-08",0.374372696064109,-0.302154257489695,0.449661626099524,-0.344546169153086,-0.0972735005143298
"2015-04-09",-0.302154257489695,0.449661626099524,-0.342970788110973,-0.0979729344827958,0.371429010499415
"2015-04-10",0.451502559539529,-0.30236863685784,-0.34347340601522,-0.0953139347424995,0.370143322978734
"2015-04-13",0.417099275342107,0.215978403496489,0.104414087217847,-0.066288394167013,-0.404248916230957
"2015-04-14",-0.304125421903426,0.453258593905678,-0.342731405222933,-0.0993916720967689,0.370565356873309
"2015-04-15",0.453258593905678,-0.302178116835816,-0.344546169153086,-0.102327765242841,0.370565356873309
"2015-04-16",0.244634108194375,0.107263270019024,0.410066912423023,-0.128177619482277,-0.396828925518995
"2015-04-17",0.213492288060226,0.0951489731860964,0.417943322631268,-0.0674095110154968,-0.400730034252195
"2015-04-20",0.214075959334093,0.0951688316803751,0.416316397000946,-0.0694483936023214,-0.400730034252195
"2015-04-21",0.10104084389813,0.414103250193148,-0.0615996540723436,0.211619677371284,-0.401941372894629
"2015-04-22",0.4494060275629,-0.0928537663528577,-0.302152209052194,0.36820133895306,-0.34583381286034
"2015-04-23",-0.0899630772343858,-0.303979736409596,0.36820133895306,0.4501625392397,-0.344904179498476
"2015-04-24",-0.132216463566941,0.245361793640979,0.119590330689891,0.408554446575136,-0.395362183790597
"2015-04-27",0.240821479865065,0.117451106179505,0.408554446575136,-0.129533792305617,-0.393895430608566
"2015-04-28",0.110877028503637,0.407237301644335,0.240640833831502,-0.126415229469462,-0.391819823182461
"2015-04-29",0.405800206926001,0.241708169584967,-0.121987883520906,0.114897021069947,-0.396432492822109
"2015-04-30",0.40606499141027,0.241708169584967,-0.121987883520906,0.118145955529804,-0.398837577122506
"2015-05-04",0.239446334757206,-0.39807300904528,0.11910712389784,0.405512357935167,-0.125208362180212
"2015-05-05",0.237404153807364,-0.397850259551008,0.115272438476304,0.405637348566139,-0.119795509794834
"2015-05-06",-0.395891358522531,0.216756863898321,0.112636799831446,0.403463962921721,-0.107963810561148
"2015-05-07",0.201176637460122,0.10073614351199,-0.399181449680473,0.411622468907517,-0.0645511803592172
"2015-05-08",0.105661150307895,-0.401222487171679,0.207200929944353,0.409981545251784,-0.0672907172383785
"2015-05-11",-0.345536228917535,0.362183379225333,0.450097532134703,-0.0799718095322888,-0.299754192090835
"2015-05-12",-0.347344890521269,0.361153107535413,0.449290296852099,-0.075457071908973,-0.294629036995188
"2015-05-13",0.115521926247504,0.407634566657201,-0.398174339458221,0.215849504306017,-0.109384422181711
"2015-05-14",0.399275544601116,-0.397257528081448,0.12364608688084,0.219523555056919,-0.109705553277837
"2015-05-15",0.397693601153485,-0.398207213520733,0.12364608688084,0.219523555056919,-0.109705553277837
"2015-05-18",-0.397118891013071,0.397683249228453,0.119192324471729,0.221701183060365,-0.109705553277837
"2015-05-19",0.406915388970655,0.174353287121543,0.23793158367346,-0.362665991295744,-0.276797977665051
"2015-05-20",0.408485125134257,0.174353287121543,0.235739957393791,-0.360981266911651,-0.278574048242416
"2015-05-21",0.173847757991125,0.235458243386456,-0.370716494127179,0.409749434965608,-0.271212762164578
"2015-05-22",0.219347748289804,-0.395778548758809,0.4004644188829,0.121980173329399,-0.109705553277837
"2015-05-26",-0.365927208187616,0.237492673527974,0.403949947502129,0.181616187196625,-0.280953495737856
"2015-05-27",0.186284864990449,0.406657891456895,0.0992445019064873,-0.404611522374166,-0.00843706878606945
"2015-05-28",0.102539224581197,-0.403334528143365,-0.0195545996079807,0.181721559169486,0.406657891456895
"2015-05-29",0.108585628980206,-0.404535361919949,-0.0157252193303673,0.178937801421244,0.403504014806277
"2015-06-01",-0.406004193307359,-0.00966697507326286,0.178937801421244,0.405025719929376,0.109602631939592
"2015-06-02",-0.302465700958184,-0.414042990084227,0.287397283115449,0.394518605779692,0.243285063224779
"2015-06-03",-0.41079554922142,0.297061604722652,0.390817879246703,0.236779431965314,-0.301440792670772
"2015-06-04",-0.403857258361695,0.182044906911182,0.407595211035936,0.106874220487458,-0.00378893261721537
"2015-06-05",0.182044906911182,0.407435324713841,0.106783259178898,-0.401490171988848,-0.00378893261721537
"2015-06-08",0.404095736425673,0.102663876432504,-0.400414682517167,0.185233319287108,-0.00378893261721537
"2015-06-09",0.0984289999990728,-0.400414682517167,0.185233319287108,0.407180725241554,-0.00514941188549806
"2015-06-10",-0.399122493616154,0.182473971691176,0.404669731723712,0.102116187660186,-0.0035968242148279
"2015-06-11",0.295607686522793,0.396579916500621,-0.40224108932485,0.235107986733183,-0.305661811252347
"2015-06-12",0.399235865831919,0.294511242747763,-0.403463638478159,0.233466103211809,-0.305661811252347
"2015-06-15",0.409061276763545,0.181686403364001,-0.404921180285437,0.103692870373778,0.00559667921293986
"2015-06-16",0.300040824405672,-0.40224108932485,0.396861783305088,0.230960015890541,-0.310626413602553
"2015-06-17",0.301540734989377,0.397734316773004,0.230290174345199,-0.401538786337335,-0.311306946060898
"2015-06-18",-0.397758982328987,0.183130940989402,0.405840268392065,0.0970820166785181,-0.0117198881601432
"2015-06-19",0.0989768866086194,0.408022517946885,0.183130940989402,-0.397758982328987,-0.0198086713914932
"2015-06-23",0.0989768866086194,0.408022517946885,0.183130940989402,-0.397758982328987,-0.0195249043033651
"2015-06-24",0.407609029220167,0.0949700429123227,0.187617949658839,-0.396534147429696,-0.0192306095113065
"2015-06-25",0.407471308876075,0.0970820166785181,0.183130940989402,-0.397758982328987,-0.0205576066847376
"2015-06-26",0.108104933770399,-0.398040660233356,0.404404892934198,0.182473971691176,-0.0322917145626986
"2015-06-29",0.112692537541338,0.405200584507131,0.196156851269526,-0.40861400614067,-0.0310850379388004
"2015-06-30",0.401927338866543,-0.40861400614067,0.196156851269526,0.115832584471859,-0.026051747475368
"2015-07-01",0.401449745515634,-0.405332334480418,0.192400125295361,0.109978628386173,-0.040976276873021
"2015-07-02",-0.41019325608356,0.400305559141657,0.198676863695862,-0.0478642341274149,0.115832584471859
"2015-07-06",-0.409123208911894,0.114740497304489,0.402498982297435,0.198070661082929,-0.0546839084251046
"2015-07-07",0.112723173476318,0.387589344327889,0.222078399168092,-0.392251673195501,-0.110307293079088
"2015-07-08",0.400548487497278,0.197906812915319,-0.40968084316273,-0.062491958262626,0.119720409355959
"2015-07-09",0.119278038512043,0.197906812915319,0.399064442522134,-0.409412334504041,-0.0573908839613556
"2015-07-10",-0.411285445662774,0.408546311409067,0.113335382882103,0.197906812915319,-0.0518659195743875
"2015-07-13",-0.0112627955688369,0.459723107289795,0.0203655443411941,-0.0331750837061217,-0.332433518944823
"2015-07-14",0.458160268765562,0.0205580530762814,-0.0352104252281178,-0.00801624177728194,-0.334012722129782
"2015-07-15",0.458160268765562,0.0206300204472754,-0.0386260161413246,-0.0127932611716458,-0.334012722129782
"2015-07-16",0.0315251980072051,-0.0386260161413246,-0.0109958288025,-0.335601689956565,0.455020535755683
"2015-07-17",0.194785720274838,-0.0430126360780577,0.398294943550529,-0.407174040864843,0.121921108811092
"2015-07-20",0.194785720274838,-0.0412066968343385,0.39693297236917,-0.407174040864843,0.121921108811092
"2015-07-21",-0.0410854561644828,0.194785720274838,0.401210571770715,0.121921108811092,-0.408753396860175
"2015-07-22",-0.0359523540197486,0.194785720274838,0.402777072990919,0.121413337246907,-0.408753396860175
"2015-07-23",-0.0362649481197145,0.194785720274838,0.401285458667353,0.121413337246907,-0.408753396860175
"2015-07-24",-0.0337439001062226,0.194785720274838,0.396672930858942,0.117759401131369,-0.407146494073696
"2015-07-27",0.196928982400183,0.405920654051011,0.110054997679907,-0.404870110530732,-0.0410682126099346
"2015-07-28",0.399669070589692,0.194785720274838,0.124389634196125,-0.0403821761159684,-0.408753396860175
"2015-07-29",0.403413755295418,0.194785720274838,0.117860886575185,-0.0379833496940098,-0.407174040864843
"2015-07-30",0.194785720274838,0.398929617445933,0.109565951375707,-0.0264484246799896,-0.407174040864843
"2015-07-31",0.398929617445933,0.110335219461821,-0.0272334223387121,0.194174637931329,-0.405683110864879
"2015-08-03",0.458855851149307,0.0202514491040491,-0.327910610645163,-0.0404877751997343,-0.00513035327252579
"2015-08-04",0.0209255078925063,-0.327910610645163,-0.0421950030779874,0.458855851149307,-0.000791957230034075
"2015-08-05",-0.326022471558962,-0.052390187068603,0.0209255078925063,0.460267662057088,-0.00185232864194915
"2015-08-06",0.18876696942262,0.109460405737954,-0.404014005715828,-0.0226851521239498,0.398326299418142
"2015-08-07",0.109460405737954,-0.404014005715828,0.188555582162441,0.396763515997891,-0.0188389940476227
"2015-08-10",0.188555582162441,-0.404014005715828,-0.0132021852550557,0.395143480914961,0.108551515135519
"2015-08-11",-0.0128079062575412,0.110689092393817,-0.404014005715828,0.18918629356908,0.394392382001717
"2015-08-12",0.110689092393817,-0.402543609881922,0.18918629356908,0.394392382001717,-0.0137960652778056
"2015-08-13",-0.403714745406936,-0.0178993457187798,0.192518454196944,0.396684636059537,0.110689092393817
"2015-08-14",0.192518454196944,0.399569466286561,-0.40257755184054,0.108437210677203,-0.0192023467376171
"2015-08-17",0.192518454196944,0.402845586772269,-0.40095526241049,-0.0211532398837208,0.108437210677203
"2015-08-18",0.398897974827872,-0.400921267156786,0.111385032904451,0.1904157455489,-0.0240089393132406
"2015-08-19",0.1904157455489,0.113223549013821,-0.402093610154254,-0.0211140632348307,0.395930571385309
"2015-08-20",-0.0645460104133528,-0.318211706797014,-0.00308556877192427,0.0216560790985418,0.460358585252471
"2015-08-21",-0.0570780079687716,0.0224210010843747,-0.319864681546301,-0.00732102378638469,0.458932623705353
"2015-08-24",-0.402071705464099,0.127984187186133,0.1904157455489,-0.0510500972419833,0.398724561538982
"2015-08-25",-0.0598572973827586,-0.318211706797014,-0.0198407247262916,0.0212760206300133,0.460024818241431
"2015-08-26",-0.0429103680421865,-0.319864681546301,-0.0226489537837539,0.0195965627866177,0.456236637105722
"2015-08-27",0.133722613858401,0.183981646090621,-0.0543255015719937,0.393187537211957,-0.398252649226236
"2015-08-28",-0.318211706797014,-0.0167433840242639,0.0221382874915796,0.457915593518348,-0.050388227764634
"2015-08-31",-0.0596693338835885,-0.396561031919799,0.394900645183531,0.184092336746334,0.129406950974969
"2015-09-01",-0.395452966316921,0.391195783575718,0.183235021132946,0.131021286046751,-0.0611926063742664
"2015-09-02",0.392852708318255,0.183235021132946,0.131021286046751,-0.0640263667968503,-0.395452966316921
"2015-09-07",0.183235021132946,0.391636641474317,0.132171795384555,-0.0634751097876678,-0.395452966316921
"2015-09-08",0.386638571979069,-0.395452966316921,-0.0580952494481503,0.183235021132946,0.13499425904608
"2015-09-09",0.382986232142502,-0.395452966316921,-0.0549307987237425,0.183235021132946,0.135805055927531
"2015-09-10",-0.395452966316921,-0.056932961393839,0.186545587608226,0.127778985851522,0.386801583763705
"2015-09-11",-0.396890015074889,-0.0591502756567127,0.184650562399944,0.132767157494104,0.388445792917198
"2015-09-14",-0.31553314029756,0.0229656357742787,-0.0185088384399554,0.45450591974889,-0.0580466019054372
"2015-09-15",0.183235021132946,0.13680986277568,-0.0637842388171203,0.383777458257878,-0.393788368772129
"2015-09-16",0.13680986277568,0.18429416348432,-0.0581720169579036,0.383533089210492,-0.393788368772129
"2015-09-17",0.0229656357742787,-0.315546937435222,-0.0188725330550135,-0.0540690763558615,0.454573410043009
"2015-09-18",-0.309794296886338,-0.0201163137952038,0.0229656357742787,0.45902276395204,-0.0705542627113826
"2015-09-21",-0.0154211587840871,-0.0747573125048202,-0.307016639337712,0.0229656357742787,0.457116210747521
"2015-09-22",-0.0483412660766956,-0.311864666138188,0.0230511041758173,0.45283009350255,-0.0148831272313184
"2015-09-23",-0.317343586650358,-0.0392402513837142,0.0261961372473764,0.448767735228742,-0.0180325772730257
"2015-09-24",-0.315540907491581,-0.0373765889595731,0.0233216553915338,0.452593338144793,-0.0191937616909602
"2015-09-25",-0.0288745584132429,-0.328219348434524,0.0314352313558006,0.449534415435143,-0.0217586387093539
"2015-09-28",-0.318900956788285,0.0314352313558006,0.446598987488563,-0.0257630105074641,-0.0221758496278511
"2015-09-29",0.0194697733047746,0.447501255096485,-0.0219066446672388,-0.32072225357215,-0.0195859189640609
"2015-09-30",0.444642255572921,0.0311498261538339,-0.022000322531497,-0.318783259447285,-0.020952071499262
"2015-10-08",0.0417785882259357,-0.0155631778443457,0.440939769486305,-0.321042323192511,-0.0262271716006018
"2015-10-09",0,0,0,0,0
