"","V1","V2","V3","V4","V5"
"2013-04-10",0.000350510880402205,0.916527361150236,9.83491061303684e-05,0.0410419869170643,0.0419817919461672
"2013-04-11",3.8932565703625e-05,0.990543452557176,0.00763442560669935,0.000244203737648012,0.00153898553277268
"2013-04-12",2.271506485308e-05,0.987130243100672,0.0125642628176316,3.45736412292494e-05,0.000248205375614319
"2013-04-15",0.968785336835338,0.0311477891084048,1.21605607765091e-06,2.09707125718754e-05,4.46872876073871e-05
"2013-04-16",0.0242363934155026,3.30817692060185e-10,0.2349798001494,0.000276887679415571,0.740506918424864
"2013-04-17",0.647890792995785,4.9814036290645e-05,0.0125420120966191,0.00103668983981391,0.338480691031491
"2013-04-18",0.000216607274423844,0.0268390820493962,0.00052167974372526,0.622229644760505,0.350192986171949
"2013-04-19",0.000446313372252567,0.00441154215031684,0.00403516189746607,0.0105938400901959,0.980513142489769
"2013-04-22",0.00340448918611222,0.00149418872437152,0.00825719835570773,0.986842368331144,1.75540266466454e-06
"2013-04-23",0.095812029977618,0.858444608361946,0.000395272159727047,0.0425791274019107,0.00276896209879808
"2013-04-24",0.0101641356300173,0.366952821735315,0.00423556689602129,0.558153547970178,0.0604939277684679
"2013-04-25",0.000964767070147521,0.33481288476443,0.0702598441283946,0.564049454868831,0.0299130491681971
"2013-04-26",0.0215785582770117,0.000853885343609113,0.970518181811264,0.00704828155488768,1.09301322741255e-06
"2013-05-02",0.0190792363745516,0.0484776520132138,0.927887764939037,0.00455406632036428,1.28035283374377e-06
"2013-05-03",0.383739352332615,0.241698310423944,0.371640259561743,0.00214690879056529,0.00077516889113289
"2013-05-06",0.468553826267749,0.0103412846252898,0.00029789576372972,0.516911009415205,0.00389598392802626
"2013-05-07",0.873909712272822,0.0160927448729665,0.000449996781266863,0.10776374093633,0.00178380513661525
"2013-05-08",0.0538235868605292,0.0009224277668669,0.925495684254132,0.0194876013053138,0.00027069981315792
"2013-05-09",0.00112123968781424,0.0344349156645558,0.96302100472094,0.00138039276465254,4.24471620379633e-05
"2013-05-10",0.000300977818710402,0.00165106476635341,0.0822127347883187,0.861320504265748,0.0545147183608701
"2013-05-13",7.16487630228325e-05,0.00136307057192444,0.0885895294938172,0.900430140024428,0.00954561114680765
"2013-05-14",0.00394727856569538,0.000622006367369855,0.752368111475982,0.23429259906218,0.00877000452877295
"2013-05-15",0.00940278884737306,0.00383726298129628,0.00112385240857044,0.0454020900150448,0.940234005747715
"2013-05-16",0.000982035772853115,0.0238988464038677,0.974701478125836,2.71853497543031e-05,0.000390454347688502
"2013-05-20",0.00881051816576145,0.000685711145666436,0.989500449613933,3.08990398427854e-06,0.00100023117065445
"2013-05-21",0.00549217639645774,0.000295332636177727,0.994211934379752,2.9607294278301e-08,5.26980318030312e-07
"2013-05-22",0.87696762760965,0.082969162611979,0.00231334112759875,0.00119917662811451,0.0365506920226573
"2013-05-23",0.00720976435972259,0.695729366617991,0.00125288051112682,6.87510106719704e-05,0.295739237500488
"2013-05-24",0.510782747638756,0.0222964830896621,0.00667617525640676,0.46024459147925,2.53592526535675e-09
"2013-05-28",0.00171156909946527,5.8016556884506e-05,0.00146353097410698,0.0651719408617696,0.931594942507774
"2013-05-29",0.00298108670676508,0.00465224280717527,0.511444659272498,0.115910289559066,0.365011721654495
"2013-05-30",0.00205796325955797,0.00395287544209962,0.943317028483583,0.00687478823758086,0.0437973445771782
"2013-05-31",0.0010404080031406,0.249070231664167,0.00278318883119133,0.684446069377749,0.0626601021237517
"2013-06-03",0.0117892190152495,2.05594393551095e-06,0.000483201974492844,0.987700391197196,2.51318691263718e-05
"2013-06-04",0.0734021523190865,0.926498203989487,1.82659749389765e-06,4.83453556674999e-06,9.29825583660128e-05
"2013-06-05",0.712003122069881,4.96815923064126e-11,0.00694225548070733,0.0649337543108904,0.21612086808884
"2013-06-06",0.0459697157479369,0.00014514995206211,0.94790118431359,0.00439363675282868,0.00159031323358209
"2013-06-07",0.000361948033343004,0.218114962480959,0.781521612124401,2.8149817015826e-09,1.47454631469514e-06
"2013-06-13",0.96959914284278,0.0275655194756764,6.15723119747465e-11,0.00283533681049984,8.09471125754396e-10
"2013-06-14",0.812268204507195,0.000771744880249873,1.31499037809463e-17,0.0482568935762491,0.138703157036306
"2013-06-17",0.0342011281220282,0.0550168083246048,5.83641511473144e-09,0.892472667269969,0.0183093904469827
"2013-06-18",0.0170391241591296,0.00423676136787689,0.316341648049451,0.0015298317992003,0.660852634624342
"2013-06-19",0.00955182374524231,0.00759189050012951,9.95893917710199e-05,0.981746760362448,0.00100993600040874
"2013-06-20",0.713136123773257,2.40793171866405e-07,0.000285197201535669,0.286578438210631,2.14043887808391e-11
"2013-06-21",8.25269593018656e-16,0.984097974881445,0.00788732732988765,0.00722722112739389,0.000787476661273076
"2013-06-24",3.77335877469058e-10,0.296012897531695,0.70398710208531,1.58222697216292e-14,5.64399589876739e-12
"2013-06-25",0.00373500808293654,1.21503629527244e-11,0.996264991903281,3.60411220394179e-20,1.63249872292506e-12
"2013-06-26",4.51146429713497e-11,1.46841049728892e-05,0.708227545189122,0.00211263624630218,0.289645134414488
"2013-06-27",0.236566358405893,0.528651536032768,0.0316403608719589,1.08070213773774e-08,0.203141733882358
"2013-06-28",0.00379331663552027,0.78097852712741,0.209341938410612,1.50897849396297e-05,0.00587112804151835
"2013-07-02",0.300309039199265,0.0489924198290542,0.00287846519028872,0.647818503009777,1.57277161455767e-06
"2013-07-03",0.489942017679143,0.00608712422942128,5.2615687039739e-05,0.000198317714411292,0.503719924689984
"2013-07-05",0.0180668046481601,0.0434799502630619,0.89982253437084,0.0231679103979769,0.0154628003199609
"2013-07-08",0.611184605469479,0.115849235632576,0.272530703492984,0.000419096516782509,1.63588881781947e-05
"2013-07-09",0.0175173514846198,0.351901886564345,0.629816714440327,0.000616334520315079,0.000147712990392966
"2013-07-10",0.30825550364439,0.0230896923093047,0.0759540453660775,0.455838504113695,0.136862254566533
"2013-07-11",0.00032383913225166,5.38319766866597e-14,0.982672707164777,0.0142501095536161,0.00275334414930109
"2013-07-12",0.00505527779888473,1.39731922935162e-05,0.963260973875461,0.0113613441885947,0.0203084309447663
"2013-07-15",0.0845154770133698,0.0788692394544418,0.4859463988316,0.350668821502977,6.31976117593884e-08
"2013-07-16",0.00174050000998039,0.00275948223061394,0.0679936335653436,0.0314077516368151,0.896098632557247
"2013-07-17",0.0120615157547281,0.962627031121493,0.0033717614249516,8.9905602733596e-07,0.0219387926428003
"2013-07-18",0.666487957504601,0.328049263026627,0.000977496753061797,0.00448528095475151,1.76095822699049e-09
"2013-07-19",0.00069351402562671,0.0820327570270497,0.00136369853628483,0.00672608028331501,0.909183950127724
"2013-07-22",0.0387904177623868,0.960820400165578,0.000370232047226716,1.87983209388568e-05,1.5170387007498e-07
"2013-07-23",0.0091705458492784,0.137692143360208,0.604213388406952,0.000240946684078721,0.248682975699483
"2013-07-24",0.00909533949079895,0.00361459295263429,0.000242414018284538,0.00174247595321024,0.985305177585072
"2013-07-25",4.99084021632515e-08,0.0139907991370977,0.985367926029135,0.00021112009295785,0.000430104832406799
"2013-07-26",0.0867942819873125,0.902665451808231,0.0104298781684665,0.000110388008489748,2.750061798315e-11
"2013-07-29",0.122174118272274,0.877400832024446,1.66424602004957e-08,0.000333656913037815,9.13761477821858e-05
"2013-07-30",0.138726888040252,0.85882445057854,0.00182928737753912,0.000619373953831451,4.9836925000164e-11
"2013-07-31",0.0373657740378788,0.807491982063661,0.152707852308009,0.0024189893789433,1.54022115077938e-05
"2013-08-01",0.00436076967030191,0.0169436678436608,0.00566712709554899,0.97272153601254,0.000306899377947867
"2013-08-02",0.00398477826185636,5.20058808285506e-08,0.00228385076534374,0.990532405672302,0.0031989132946166
"2013-08-05",0.00295293532527217,0.413015173333315,0.583072783548245,2.29425916943628e-05,0.000936165201473611
"2013-08-06",0.0153996051319751,0.000653406703862673,0.0551330986985933,0.926274072217484,0.00253981724808495
"2013-08-07",0.00708021444119274,2.57016428688094e-05,0.905565448886938,0.0868250819858713,0.000503553043128854
"2013-08-08",0.0151655446826539,0.0144887165584234,0.970291305128296,1.96201974175153e-08,5.44140104291985e-05
"2013-08-09",0.0229020878094779,0.967519945242205,0.00161142601568218,0.000195091719177749,0.00777144921345709
"2013-08-12",0.00502509640350494,0.0005505404878484,0.00177177612074586,0.00485119021673474,0.987801396771166
"2013-08-13",0.984722191454551,0.00752608191677922,1.85337894498586e-05,5.29237717155782e-06,0.00772790046204812
"2013-08-16",0.000680668970577218,3.63487217914303e-06,0.707147217272336,0.2921684788849,7.36018063396635e-15
"2013-08-19",0.0157623279856097,2.26314429705594e-21,0.905923628687668,0.00231289465159134,0.0760011486751314
"2013-08-20",0.833985558482631,0.0191694336689842,0.0696189993162774,0.0763866166933671,0.000839391838739817
"2013-08-21",0.000597003498925188,0.0284530784996625,0.936694650655786,5.69898905870183e-06,0.0342495683565672
"2013-08-22",0.000430036053224561,0.00983054223308071,0.972095623879493,0.00499315616523624,0.012650641668965
"2013-08-23",8.13859580574674e-05,0.0108803179747769,0.988450983793381,0.000297759073586717,0.000289553200197749
"2013-08-30",0.00918299345509798,0.000245219050970102,0.828264351924275,0.162306238961921,1.19660773497825e-06
"2013-09-06",0.0461225055820869,0.0251284711881811,0.0106914162273858,0.917947202199228,0.000110404803117953
"2013-09-09",0.0148422522879758,1.53972000960696e-08,5.36611241393004e-06,0.985152365197232,1.00517851788765e-09
"2013-09-10",2.30580083454578e-08,5.72992444079903e-05,0.0460537340839933,0.953888934272951,9.34063896005023e-09
"2013-09-11",0.155751695209655,0.0280282154714061,0.0522370944017451,0.763982439387629,5.5552956511799e-07
"2013-09-12",0.0162377186879535,0.00363013658171363,0.911806096375188,0.0521455006638252,0.0161805476913198
"2013-09-13",0.607754892869809,0.136962382908105,0.00881754658886282,0.000811713168814953,0.245653464464408
"2013-09-16",0.93674246235246,0.00740256295428029,0.00289037582849068,0.000161388049704693,0.0528032108150646
"2013-09-17",3.65156769706851e-05,4.26904370363105e-08,0.944479109935461,3.15896703953749e-05,0.0554527420267357
"2013-09-18",0.000702724584727072,0.212085045624858,0.632707895577813,3.20388518534931e-13,0.154504334212281
"2013-09-23",0.136595009313756,0.000131549900900376,0.861289623318222,0.000621850198064198,0.0013619672690579
"2013-09-24",0.00250138038719017,0.000142635528484268,0.0127812873532902,0.984063562036272,0.000511134694763709
"2013-09-27",2.17389939269322e-09,6.43381167658498e-05,0.916909065092691,5.47020213026904e-06,0.0830211244145136
"2013-09-30",0.00121323278380744,0.395109491755503,1.51713388974965e-14,0.142333769322642,0.461343506138032
"2013-10-08",0.0814586694745743,0.366347587204667,0.00650919605034929,0.526904015541251,0.0187805317291585
"2013-10-09",0.911350114279679,0.0321758002293699,0.000666577894739232,0.049419701092841,0.00638780650337069
"2013-10-10",0.948272036193275,0.00640913845483997,7.07983713652007e-05,0.000338329799677749,0.0449096971808425
"2013-10-11",0.00936919208778086,0.53999797388792,0.450317228840435,0.000315597691837304,7.4920267064081e-09
"2013-10-22",0.00103689739042697,0.000529619797313504,0.00137034830182033,0.942733939779941,0.0543291947304985
"2013-10-23",8.616858681579e-11,0.939314479766281,0.0606006717305636,7.8589387958605e-05,6.25902902843532e-06
"2013-10-24",0.00132428954089849,0.540303190562257,0.457712940739697,0.000659579117790284,3.93571566660403e-11
"2013-10-25",2.8258295005171e-08,0.732937878740404,0.266328018895707,0.000711165106999979,2.29089985942609e-05
"2013-10-29",1.65204870502274e-11,0.00106457025442349,0.997086159731257,0.00184926600175126,3.99604788898051e-09
"2013-10-30",4.5637812200311e-05,0.795721795640465,0.131188741782702,0.0730438247646325,4.44453639907804e-16
"2013-10-31",0.0901244690980737,0.00603668859015175,9.8144931601508e-05,0.0288396949668049,0.874901002413368
"2013-11-01",0.0806969097247466,0.91474792139498,0.00185096426667457,0.00270346405229864,7.40561300264546e-07
"2013-11-04",0.013097769438175,0.908056030560637,0.0781319260852924,0.000699301300618422,1.49726152768846e-05
"2013-11-05",0.775445352533578,0.200527471444606,0.00259509591488541,0.0152907110217971,0.00614136908513281
"2013-11-06",0.786958999314089,2.67152708672637e-06,0.000912282172571955,0.0221667143185446,0.189959332667708
"2013-11-07",3.37657138137446e-06,4.59658337605661e-05,0.0521854162232991,1.17060808166786e-07,0.947765124310751
"2013-11-08",7.9017056180618e-05,2.26883555756077e-06,0.108665337503268,1.46993711853648e-09,0.891253375135056
"2013-11-12",8.63414818736936e-05,0.0252629424124264,0.642061591451553,0.332589122553705,2.10044223586676e-09
"2013-11-13",0.0327572012612043,8.56436410263765e-08,0.000500954274649673,0.446408509957956,0.520333248862549
"2013-11-14",0.115882850485474,0.0149314402483629,0.581987247152649,0.285578402164362,0.0016200599491522
"2013-11-15",0.346629067892119,0.00040799900488678,0.63362420085103,0.0190744434384077,0.000264288813556164
"2013-11-18",3.18914164126583e-07,0.178937589306518,0.821021472991965,2.28783888003242e-05,1.77403985521704e-05
"2013-11-19",5.44669270867207e-05,0.11689043405632,3.91269306474904e-05,0.0011177717429139,0.881898200343032
"2013-11-20",0.0010217471779625,0.0666307235499189,0.927912346132691,0.00431819208686312,0.000116991052564829
"2013-11-21",0.102921088980055,0.000680489671398309,0.888138253087749,0.000420778235563545,0.00783939002523365
"2013-11-22",0.000163032448248332,3.02338351008888e-06,0.960090824339963,0.000628342964827778,0.0391147768634509
"2013-11-25",4.32072054003849e-07,0.00298845314537652,0.986054021626455,6.71543274536776e-05,0.0108899388286611
"2013-11-26",0.455865174448556,0.271851341593964,0.200841427945179,0.00369348927521626,0.0677485667370845
"2013-11-27",0.798305415639687,4.81754017325281e-05,0.188758302581156,0.00096112613355994,0.0119269802438642
"2013-11-29",0.607213075197584,0.00307275998235649,0.258154195687636,0.00290215874724965,0.128657810385174
"2013-12-02",0.0477458779444153,2.22124057337005e-06,1.06119205092821e-17,0.952210447365761,4.14534492505781e-05
"2013-12-03",0.0176453899508978,2.35416927520928e-08,1.02839017444934e-26,0.796939909387584,0.185414677119826
"2013-12-04",0.00458812036174707,0.199491169184017,0.619732470837038,0.0198826386739287,0.156305600943269
"2013-12-05",0.000314595982221045,0.930854059412743,0.0482067466445517,0.0201085339018019,0.000516064058682385
"2013-12-06",0.0022617297878818,0.64305998929971,0.305056899840056,0.0137044821407424,0.0359168989316098
"2013-12-09",2.53959817547436e-05,0.0463875002874324,2.00021744479812e-06,0.0091950381661977,0.94439006534717
"2013-12-10",0.00442899883519843,0.0229672474692181,9.16536619518038e-05,0.00645947180376731,0.966052628229864
"2013-12-11",6.69818507078026e-05,5.65575412736893e-06,0.000789775812157517,0.040356449132018,0.958781137450989
"2013-12-12",0.0151617335442579,2.39138957206438e-09,0.00194784910664936,0.0604184829600928,0.92247193199761
"2013-12-13",0.00186680819636362,0.000740608362200315,0.0971845259452188,0.0258985059393569,0.87430955155686
"2013-12-16",0.00829063315118318,0.700961705085187,0.000283319386500667,0.289760786340111,0.000703556037018535
"2013-12-17",0.0135843335545188,4.75394407263806e-05,0.0113272204116778,0.955131801689323,0.0199091049037539
"2013-12-18",0.0820779116171353,0.0460286874677333,0.0022003994219452,0.00583089192155061,0.863862109571636
"2013-12-19",1.90586664831098e-05,0.073239771170548,0.00098967163169191,0.925504245158503,0.000247253372774385
"2013-12-20",0.843083784202604,0.0978127191888539,0.00219535257454939,0.0494341239191847,0.00747402011480747
"2013-12-23",0.0799796368628581,0.000598764804288316,0.914817222741657,1.14410538313404e-09,0.00460437444709074
"2013-12-24",0.0106652410753265,0.000370478617802615,0.926861737371256,5.44020425059021e-05,0.0620481408931089
"2013-12-27",0.00104328678308344,0.0105343201639849,0.0756324757545135,0.905291728957294,0.00749818834112446
"2013-12-30",2.14850947961716e-05,0.000402292872636151,0.0346433217237747,0.00504997601742323,0.95988292429137
"2013-12-31",0.00150218387631684,0.0123685938641259,0.0257342907810617,0.783934449515258,0.176460481963238
"2014-01-02",0.0125864717854768,0.00996692280035714,4.89121618465492e-05,0.000398277803159067,0.97699941544916
"2014-01-03",4.19368833106281e-05,0.974400046797275,0.0194143615779238,2.75390318396406e-05,0.00611611570965108
"2014-01-06",9.50123024048383e-05,0.0236788988600312,0.976220938893928,5.12310847748541e-06,2.68351580859286e-08
"2014-01-07",3.29933675946487e-05,0.99534728017095,6.90858662339599e-06,2.56365091834898e-06,0.00461025422391332
"2014-01-08",1.11940667315986e-06,0.215693091738183,0.756026481694573,0.00115406219423692,0.0271252449663337
"2014-01-09",0.00175658944458863,0.969704476906871,0.000477635835480547,1.75838066879658e-05,0.0280437140063722
"2014-01-10",0.821722830328365,1.07182996592241e-07,0.00015578462933289,1.28973611663557e-06,0.178119988123189
"2014-01-13",0.784769290887512,2.51545821602639e-10,0.00115187835011441,0.00355775765787387,0.210521072852954
"2014-01-14",6.8122174226175e-08,0.00350608424943099,0.625982225292304,0.0186746197349921,0.351837002601098
"2014-01-15",0.000303471935352396,0.00138665145958747,0.00140266831490185,0.0139549320655256,0.982952276224633
"2014-01-16",0.000339982349096096,0.000807201397914848,0.00307001287317941,0.00378519079929033,0.991997612580519
"2014-01-17",2.99840738781643e-06,0.000135338865811255,0.0162971328969705,0.983531167869638,3.33619601928944e-05
"2014-01-21",9.46857825119705e-11,0.0738330793028525,0.025522841327094,0.90049096636291,0.000153112912457617
"2014-01-22",0.973502709778328,0.00175287354929534,0.000231293985568136,0.00181785572026319,0.0226952669665455
"2014-01-23",0.985522394518494,0.000352304114186588,3.70688684331827e-08,0.0134852210231676,0.000640043275283523
"2014-01-24",0.00533450792443073,9.3650919643178e-05,0.00180223600134949,0.166236589008383,0.826533016146194
"2014-01-27",0.640799257922485,0.000583228642999542,0.348166127101897,0.000506734370261663,0.00994465196235662
"2014-01-28",0.000432108202443834,0.922836595370438,0.0714580519900026,0.000363159011565503,0.00491008542555037
"2014-01-29",0.65314448024577,0.00647028842677796,0.339104993302365,0.000300865488625295,0.000979372536461783
"2014-01-30",0.895045951134512,0.002671105314361,0.0886394548002749,2.92379794255397e-05,0.013614250771427
"2014-02-07",0.666724711608009,0.309379262319092,0.0224546083192668,0.00144141629978275,1.45384925287528e-09
"2014-02-10",0.0654191650567313,0.00313122668181884,0.0232940932718847,0.000164279065969682,0.907991235923595
"2014-02-11",3.83615805803151e-05,0.000132035624909572,0.0026031214008021,0.000798730649118571,0.996427750744589
"2014-02-12",0.434257049491701,8.92434618790651e-05,2.08204568409348e-05,0.563545071966679,0.0020878146229001
"2014-02-13",0.00646417601808061,0.887492369363641,0.000733115434987051,0.105309063050356,1.27613293591437e-06
"2014-02-14",0.332790282712352,0.00113048268737877,0.640386002980795,0.0256932316093606,1.01130765302898e-11
"2014-02-18",0.0151619509104472,0.114476813537128,0.0254300811237712,0.00555490080908494,0.839376253619569
"2014-02-19",0.00464282553469243,0.000515165689919034,0.283961137951624,0.00191189944480921,0.708968971378956
"2014-02-20",1.29297147334179e-05,0.626351974351473,0.351745964808431,0.0217560734833482,0.000133057642014393
"2014-02-21",0.515164326872699,0.000354202350969881,0.478179329383069,0.0063021306856111,1.07076517064047e-08
"2014-02-24",0.00171498425970265,0.0801814911220607,0.863404083649961,0.0546978337650004,1.60720327489209e-06
"2014-02-25",7.03219275479919e-16,0.989701344204226,6.12805611990592e-08,0.00984543683173877,0.000453157683473477
"2014-02-26",0.953400204741651,2.94267170173449e-18,0.00112205387921273,0.00636118268196183,0.0391165586971741
"2014-02-27",0.0351636726238774,0.157157753268179,0.778289411185774,3.3737552558499e-06,0.0293857891669139
"2014-02-28",0.882490743929344,0.0216979382258159,0.00129411478451416,0.0194811653613054,0.0750360376990204
"2014-03-03",0.0053996322609639,0.0165639306257915,0.830268082323778,0.0700349262192234,0.0777334285702435
"2014-03-04",9.53042455297463e-07,0.741163666628019,0.226741560054566,0.000627968333511424,0.031465851941448
"2014-03-05",0.000158410741100295,8.55832401114883e-05,5.42730288251596e-06,0.0042535212454689,0.995497057470437
"2014-03-06",0.00400702344862645,0.929355051156412,0.000892081370510025,0.0224090172894367,0.0433368267350146
"2014-03-07",0.00588018793307956,0.909571336186079,0.000478743191294789,0.00236890069131796,0.0817008319982287
"2014-03-10",3.73914183261428e-08,4.06300962750481e-06,0.00782598568978582,0.992136997913804,3.29159953647304e-05
"2014-03-11",0.0040217211674082,0.976519004583032,3.16518927338217e-06,1.01258054391432e-24,0.0194561090602863
"2014-03-12",0.0271173867420965,0.559176791499913,0.391875851015773,0.00100531242098841,0.0208246583212292
"2014-03-13",0.486987060678489,0.0392076683735924,0.00156965961113975,0.455507981289938,0.0167276300468407
"2014-03-14",0.0172715680041283,0.497238126865364,0.00173335685117001,0.483552982857078,0.000203965422260587
"2014-03-17",0.357142159412631,0.635068465558498,7.89491582475310e-09,0.0016781788184634,0.00611118831549197
"2014-03-18",0.00147708757527757,0.976235667437778,0.0214453143322111,0.000365415610858893,0.00047651504387439
"2014-03-19",0.000263009481019997,0.000311898175275019,0.992939991406162,0.000386839127225039,0.00609826181031793
"2014-03-20",0.00799171200350145,3.6624986129002e-05,0.987782410004449,0.000702325145175976,0.00348692786074486
"2014-03-21",7.86397310142632e-09,2.10248450728787e-05,2.74355129180519e-08,0.875535903933359,0.124443035922082
"2014-03-24",0.991515066410464,7.32114923930409e-06,3.23010399844686e-07,5.55783667660468e-06,0.00847173159321998
"2014-03-25",0.0955220699680394,0.88970053168651,0.00554924917680453,0.00561775260244136,0.00361039656620483
"2014-03-26",0.987145132576176,0.000162117890212759,0.000229897752977625,0.00637244295559035,0.00609040882504328
"2014-03-27",0.97237399464522,0.000632456087857655,9.22472477053625e-05,5.69252574719567e-07,0.026900732766642
"2014-03-28",3.09513441157665e-09,0.00232118707240643,4.42877944873622e-07,0.187851624510193,0.809826742444322
"2014-03-31",0.00108367441622164,0.000255414586535623,0.00671221744663369,0.943901774920329,0.0480469186302803
"2014-04-01",0.0171255936457179,0.773732936846957,0.135117637023261,1.26545718041363e-07,0.0740237059383459
"2014-04-02",0.00125016192474479,0.00054462350526947,0.005922743960778,0.991559863170535,0.000722607438672542
"2014-04-03",0.000762630350949153,0.986789115447097,1.59166802966789e-05,0.0115718354999503,0.000860502021706972
"2014-04-04",0.236969638033309,0.755999587628258,2.14909394038162e-06,0.00667673921128971,0.000351886033202655
"2014-04-08",0.00784361939711384,0.348079274694417,0.00444677985944777,0.630488267607963,0.00914205844105835
"2014-04-09",2.05065844165786e-06,0.00228137340966191,0.00121089845594142,0.996163422635579,0.000342254840375778
"2014-04-10",0.380360977689483,0.567196083984696,0.00573212806723449,0.0401668222373411,0.00654398802124474
"2014-04-11",0.0274537499721786,0.686656505011643,0.0263180602027259,0.0340375657449096,0.225534119068543
"2014-04-14",0.917971688679134,0.0387420596618261,9.00429105298167e-07,0.0419650868102662,0.00132026441966824
"2014-04-15",0.0200678033275739,0.967248685708237,0.00973200031966677,5.45428278566647e-06,0.00294605636173642
"2014-04-16",0.947087760575772,2.493715409869e-08,0.00124055300508897,0.0506685836333845,0.00100307784859997
"2014-04-17",0.0025596092833013,0.987283963609155,8.48101280933439e-05,0.000140363409098268,0.00993125357035252
"2014-04-22",7.97807323261905e-08,0.956375906835183,4.82923072718348e-05,7.52892507910062e-05,0.0435004318260218
"2014-04-23",0.00221792643942666,0.896097864439627,6.36596896684731e-11,0.000324975905094053,0.101359233152193
"2014-04-24",9.74843677267527e-06,0.832689938890665,8.75867408273075e-06,0.160270062619986,0.00702149137849401
"2014-04-25",0.988597193333737,2.38982349607333e-09,1.34431223023387e-09,0.000930023829421885,0.0104727791027051
"2014-04-28",0.979648381852936,2.95822511002283e-13,2.77595533521475e-13,2.04242201570859e-06,0.0203495757244748
"2014-04-29",2.92031923572156e-06,0.000188192990228185,0.962257987862161,0.0375435020819581,7.39674641721113e-06
"2014-04-30",0.0429361077615097,0.902261047120801,0.0293582308124988,0.00615547784410261,0.019289136461088
"2014-05-05",0.962087541292625,0.000482105583144504,0.00610065622079248,0.00467477721594694,0.0266549196874907
"2014-05-07",0.00185596796869052,0.360307414219609,7.18876183054506e-09,0.0123519610609522,0.625484649561987
"2014-05-08",0.00722979028966371,0.00254309663994336,2.823248105316e-15,0.0160280944625262,0.974199018607864
"2014-05-09",2.23444817328455e-06,0.000173367218116159,0.0699851035160793,0.0368141342782572,0.893025160539374
"2014-05-12",0.0855616319246332,0.884457773476385,0.0262889579341996,0.00362351290316007,6.81237616218624e-05
"2014-05-13",0.964508249464319,5.38031244282791e-09,0.00543260904552586,0.0139876635027846,0.016071472607058
"2014-05-14",0.00184695895953349,0.0777994904833542,0.000793184359025968,0.892102037406811,0.0274583287912752
"2014-05-15",0.000287015077812429,0.000275497650499053,0.158435397862043,0.840568215017222,0.000433874392423932
"2014-05-16",7.62459061867757e-12,0.00535533283006114,0.0051539224712135,0.849493347433087,0.139997397258014
"2014-05-19",0.000101035109869741,0.00412261316234637,0.726381300701246,0.269275312184939,0.000119738841598742
"2014-05-20",0.00675304053628287,0.00199873542011174,0.934179830380796,0.0570682245940308,1.69068778618533e-07
"2014-05-21",0.0722030824591975,0.0011665218867196,0.908029037441242,0.0183029297097965,0.000298428503044548
"2014-05-22",0.000926119162746804,0.000966984483563658,0.925564649364989,0.0191013870023429,0.0534408599863575
"2014-05-23",0.000889975171651368,0.116795897217255,0.866728864824887,0.0155799731774009,5.28960880496909e-06
"2014-05-27",0.0379018740641176,0.795580074514716,0.00834438054838343,0.00182479522053057,0.156348875652253
"2014-05-28",0.118447969584069,0.857793177704331,0.00791865980249805,0.00163118121660708,0.0142090116924943
"2014-05-29",1.59456999342745e-06,0.742123975821775,0.090654676054033,0.0031491010629051,0.164070652491294
"2014-05-30",0.881836890281654,0.1059853895404,0.0014538018696642,5.58352885648049e-09,0.0107239127247533
"2014-06-03",0.0273611714934879,0.000583669412489704,0.000449943567803745,0.971210226443231,0.0003949890829877
"2014-06-04",0.000723789588006998,0.0542662716516254,2.88213584520769e-06,0.945001318662044,5.73796247872335e-06
"2014-06-05",0.0485494905973796,5.77726079752557e-10,0.00159884203502581,0.726556518586751,0.223295148203118
"2014-06-06",0.363314709269111,0.00135349457936248,0.016855389889564,0.618367443704425,0.000108962557538347
"2014-06-09",0.000633984299639158,0.0454629682617219,0.953802463576412,9.99519273161491e-05,6.31934910877524e-07
"2014-06-10",0.0436456078286366,0.00259317465490802,0.56220743006774,0.391553743645552,4.38031634192352e-08
"2014-06-11",0.00175178777165685,0.333326369084427,0.0108060269584102,0.00610137459612133,0.648014441589384
"2014-06-12",0.000419753035655073,0.990351003923568,0.000239570947252424,0.00786045484576476,0.00112921724775995
"2014-06-13",0.000980829933788165,0.850443712474263,0.131619884643569,0.0169549825209568,5.9042742367646e-07
"2014-06-16",0.0029892275274842,0.635856320372212,0.0487674246117747,0.0131885451943539,0.299198482294175
"2014-06-17",0.951463226062981,6.04634881396779e-06,0.0366488508891356,0.00101690166719509,0.0108649750318744
"2014-06-18",0.000203432877595716,0.10009589019819,0.898663364950345,0.00103729948212383,1.24917448787242e-08
"2014-06-19",7.46638325233558e-12,0.925701180126987,0.0685329679800038,0.00576578723718696,6.46483553606892e-08
"2014-06-20",0.832187168520982,0.00294458101945839,0.157274696212293,0.00759355424726577,6.1875970238062e-16
"2014-06-23",0.360501655620154,0.0932042786450007,0.0953823924496244,0.0126206888722423,0.438290984412979
"2014-06-24",0.0188592453089825,0.00954755533001243,0.0016605353515512,0.940916230967639,0.0290164330418148
"2014-06-25",0.0400337997945975,0.00092019380247549,0.953683155308392,2.71050738651102e-05,0.00533574602066992
"2014-06-26",0.00127359295316471,0.711880322253636,0.253791725875494,7.95697897580319e-09,0.0330543509607263
"2014-06-27",0.00178039255532762,0.435396177613765,0.0189587489353736,0.538798884922234,0.00506579597329973
"2014-06-30",0.938092551851227,0.0501297387013119,0.00506980030469405,0.0056486431262174,0.00105926601654958
"2014-07-03",0.713803510235748,0.000902669805430858,0.283698712011246,0.000520680056062219,0.00107442789151361
"2014-07-07",0.00147899860146522,1.17489883838898e-05,0.00159254284025236,0.99682439991969,9.2309650208778e-05
"2014-07-09",0.00118731720941934,0.0283485255308751,0.0154405246817768,0.0142114902315345,0.940812142346394
"2014-07-10",0.396075690076973,0.599460325526986,0.000214598954522475,0.00355444729051355,0.000694938151004961
"2014-07-11",0.0265235812597644,0.401175113770633,0.537442602618423,0.0171867672586547,0.0176719350925249
"2014-07-14",0.195389856183578,0.453936333002489,0.343487719740018,0.00362093282627343,0.00356515824764207
"2014-07-15",0.334754366297054,4.80792155871278e-06,0.0171704487721153,7.23201424451431e-05,0.647998056866827
"2014-07-16",1.83198970307636e-05,0.950028786050278,0.0388703196321015,0.00402337427377358,0.00705920014681669
"2014-07-17",0.000131961531784971,0.00189408785752456,0.801694236673152,0.19627961829711,9.56404276945493e-08
"2014-07-18",0.0254775930405681,0.110291751670079,0.862444152201418,0.00178642037220804,8.27157270912324e-08
"2014-07-21",0.053393130183984,0.940770976609033,0.00141338657280353,0.000753257953732731,0.00366924868044658
"2014-07-22",0.0390779432528636,0.0143858922579379,0.937876587882979,0.0080607835477629,0.000598793058456499
"2014-07-23",0.00156033717742271,0.281543722604424,0.520553388889191,1.58812127218716e-05,0.19632667011624
"2014-07-24",0.734345383387927,0.0346149968254351,0.0157422597534007,1.10845285402926e-08,0.215297348948709
"2014-07-25",0.166294410269304,0.784987216497756,0.000144289394848424,0.0481986061633252,0.00037547767476574
"2014-07-28",0.22684922469553,2.66003512468086e-06,0.602484493549795,0.170663421753967,1.99965583196534e-07
"2014-07-29",0.996038494119907,9.94291370354042e-07,0.00218851928156785,0.00171696596039199,5.50263467629973e-05
"2014-07-30",0.000484443850149086,1.09042603648762e-06,0.93441643569415,0.0635893188115774,0.00150871121808748
"2014-07-31",0.000214026792663264,0.013024611137652,0.983414506918253,0.00283775775735904,0.000509097394073026
"2014-08-01",8.11445603230837e-05,0.0262007631100758,0.00742711576016364,0.961062967499828,0.00522800906960978
"2014-08-04",0.0293551458934949,0.966318515065885,5.42420756744733e-05,4.2910539430144e-07,0.00427166785955174
"2014-08-05",0.255360157897175,0.740121683314194,0.00416319149992422,0.00035465542940071,3.11859305850818e-07
"2014-08-06",0.0116520597761358,0.975517168621834,0.000175614224919071,0.00106225217214333,0.011592905204968
"2014-08-07",0.216826386675422,0.000458620759259599,0.0181453545077462,0.00159821122756185,0.76297142683001
"2014-08-08",0.064545549207221,0.917151933753733,0.00107348582021871,0.014446340471641,0.00278269074718647
"2014-08-11",0.000353377789089298,0.202600457557942,0.795171655418793,0.000739638228809534,0.00113487100536676
"2014-08-12",0.38542479601198,0.60680021330383,0.000556384659635945,4.10066945955456e-06,0.00721450535509369
"2014-08-13",0.0462418583797954,0.912082675161815,0.00019864129690351,0.000189439637541758,0.0412873855239445
"2014-08-14",0.000176988359919339,0.00615726723028384,0.00624731599769965,0.886292788710579,0.101125639701519
"2014-08-15",0.327959224084801,0.00809646303744135,0.0078316045395232,0.656084877985321,2.78303529131886e-05
"2014-08-18",0.934431527619707,0.0202466360421166,0.000735353175783903,0.00329663770262851,0.0412898454597635
"2014-08-19",0.35295269280074,0.000417412159833736,0.000615054472421495,0.000917142158340921,0.645097698408664
"2014-08-20",0.0107453614078666,9.73854781800749e-05,0.0006679412778082,0.951479559505893,0.0370097523302517
"2014-08-21",0.000251764487148492,0.0031433538908498,0.00270735800715444,0.930523354483796,0.0633741691310508
"2014-08-22",0.00576641370506453,0.000313422093542076,0.00481424363522492,0.977003603922056,0.0121023166441121
"2014-08-25",0.00177962560202761,0.00133698061358949,0.266716178304487,0.729984774608573,0.000182440871322557
"2014-08-26",3.34880451922369e-08,1.68544397163723e-08,0.278969170789913,0.717291939952267,0.00373883891533492
"2014-08-27",0.0113756185408781,6.44331652271934e-18,0.00157624067213042,0.951008533097334,0.036039607689657
"2014-08-28",0.566312045542326,0.387445326642038,0.000264847821983219,0.00181577430118842,0.0441620056924652
"2014-08-29",0.00429872682024064,0.610691955890536,0.0121979201536727,0.00976386864346294,0.363047528492088
"2014-09-02",0.000316951675642387,2.4525483448157e-06,0.000431559742844743,0.997177187687976,0.00207184834519197
"2014-09-03",3.99374232855763e-06,1.19970966978473e-09,0.000544516299264098,0.996664083161357,0.00278740559734117
"2014-09-04",0.00161242768102092,6.6492089362132e-06,0.00085192436677303,0.63915894263164,0.35837005611163
"2014-09-05",3.61582645439867e-05,0.00776520674245832,0.00114092267461351,0.50865679318691,0.482400919131474
"2014-09-10",0.000714583781833229,0.00881400660137956,0.000334664532025683,0.0866868548589153,0.903449890225846
"2014-09-11",0.48003699299063,0.000212975875029162,0.00596233330754364,0.00162206964458555,0.512165628182212
"2014-09-12",0.0280655222479237,0.0341536300752295,0.00682374257951819,0.712782415323435,0.218174689773893
"2014-09-15",3.37952648914071e-05,0.00117223480900882,0.00139608820127333,0.97611795089985,0.021279930824976
"2014-09-16",0.00190150583436278,5.58496491615476e-08,2.53557465017443e-05,4.30173860551169e-05,0.998030065183431
"2014-09-17",0.048682150017511,0.951317836816934,1.10843384441395e-08,1.83687907525325e-09,2.44336985688411e-10
"2014-09-18",0.000844327332326212,0.00051732265897827,0.281447446376011,0.706482276635365,0.0107086269973198
"2014-09-19",0.00459418925502872,0.0136834347105444,0.0169996330411946,0.0182682886618387,0.946454454331394
"2014-09-22",0.0322412218725033,8.59641139919429e-05,0.00441448680326841,0.957733591901557,0.00552473530867909
"2014-09-23",0.964010323462797,4.5436140471947e-05,0.0329563191819228,3.01937539249397e-07,0.00298761927726937
"2014-09-24",0.00103818272151009,0.969594299815341,4.15252146976226e-06,0.0288879662358625,0.000475398705817076
"2014-09-25",0.000285196444315855,0.183900257557287,0.000197350581208154,0.810385234375613,0.0052319610415758
"2014-09-26",0.574137834395394,0.0441380634565634,0.293470536213763,0.0822323968369152,0.00602116909736406
"2014-09-29",2.32965744214753e-05,0.0333396935961551,0.950809332659019,0.00196009984825875,0.0138675773221451
"2014-09-30",0.932731081269884,0.00606185889511089,0.0431816572704121,0.0143253151013491,0.00370008746324427
"2014-10-08",0.735860199386321,0.00465325511463328,0.00622858737430657,0.247668550975535,0.00558940714920456
"2014-10-09",0.00876410619761436,0.311911651386986,0.676507628285268,0.000484699703271277,0.00233191442686027
"2014-10-10",0.898570954134504,7.51265946293155e-06,4.13350009799511e-05,0.0979847541240058,0.0033954440810469
"2014-10-13",8.31994081839773e-08,0.00122770815663242,0.871346113626932,0.122167635299516,0.00525845971751154
"2014-10-14",8.79248895435279e-05,0.87632104435107,0.119905077068753,0.00367743586595301,8.51782468027488e-06
"2014-10-15",0.613989125508787,0.016111981133741,0.360714010264402,0.00918387643441987,1.00665865068719e-06
"2014-10-16",0.536689851298876,0.00403284144030734,0.000174458574638164,0.459076953000328,2.58956858500591e-05
"2014-10-17",9.88983935969951e-06,0.156974355715642,0.833961444216112,0.00163983546013885,0.00741447476874782
"2014-10-20",0.290474047602425,0.0334568546282499,0.348597153407971,0.322041688858236,0.0054302555031182
"2014-10-21",0.0131556107215461,0.124150579661683,0.846028815220295,0.0166647801662843,2.14230191815434e-07
"2014-10-22",0.0488700583850119,0.167066383662881,0.164825696752245,0.618564118989997,0.000673742209864262
"2014-10-23",0.194535073738148,0.372986292827336,0.0257709176207152,0.406137280922588,0.00057043489121286
"2014-10-24",0.0298465244965174,0.927864447762381,0.0358905479557269,0.0028402724527038,0.00355820733267118
"2014-10-27",0.00861750593033975,0.0110792818379559,0.232938632423686,0.122049677003552,0.625314902804466
"2014-10-28",0.0206147407689397,0.0709227206068438,0.000236201290036658,0.904136747350743,0.00408958998343635
"2014-10-29",0.979327363517049,2.62573254393541e-08,0.00198867213317926,0.0186831707930229,7.67299422960023e-07
"2014-10-30",0.00969580672476257,0.0425552434262615,0.00365228087604871,0.636584651997019,0.307512016975908
"2014-10-31",0.0385973893162858,0.000119644711532739,0.957970419020947,0.000316739832447477,0.00299580711878696
"2014-11-03",0.00599653191430104,0.893985871954025,0.0107975946253404,0.087401226771336,0.00181877473499749
"2014-11-04",0.105247068284734,0.00187543171242541,6.09289102783025e-05,0.812600811326247,0.0802157597663148
"2014-11-05",0.00202666945393931,0.019556189053196,0.00582569650253547,0.86802339064981,0.104568054340519
"2014-11-06",0.000833455029127038,0.0190833662829939,0.00444671744619474,0.954470534807505,0.0211659264341797
"2014-11-07",0.000143264131270275,0.557183533702115,0.0031801360112914,0.000623324493998808,0.438869741661325
"2014-11-10",0.0186976514536798,0.000379048709245723,0.831905456897736,0.148573879173642,0.00044396376569678
"2014-11-11",3.21117825621928e-15,1.11384781226032e-09,0.000122872078695224,0.999699951604754,0.000177175202700134
"2014-11-12",6.09896053118651e-11,0.352848013816009,0.000198307917938301,0.646953678140443,6.46202426799506e-11
"2014-11-13",0.167276496810922,0.000354400739974588,0.481410888032088,0.164956349675909,0.186001864741106
"2014-11-14",0.23488913719946,0.0193478520661435,0.625746599726629,0.0434310897488356,0.0765853212589312
"2014-11-17",0.0520958654065986,0.0612269419587098,0.866107408240652,0.00429589297999169,0.016273891414048
"2014-11-18",0.000679467759573926,0.636881771140166,0.175176539945509,0.0791132854071713,0.10814893574758
"2014-11-19",0.405442120471529,0.431399402013197,0.0382780185830956,0.0373306979773856,0.0875497609547927
"2014-11-20",0.00320876248810263,0.878562853014592,0.00158063835573732,0.0229900103378526,0.0936577358037151
"2014-11-21",0.415890607061433,0.0230743192919396,0.0240569450732584,0.536845253194687,0.000132875378681629
"2014-11-24",0.176347133817166,0.00171710525760987,2.16943823531321e-07,0.0793358167388413,0.742599727242559
"2014-11-25",1.44882265030631e-06,0.0162856971536527,0.167323763928526,0.814233279803073,0.00215581029209723
"2014-11-26",2.11888932895292e-06,0.000860460025517702,0.175188429376839,0.659484383045703,0.164464608662611
"2014-11-28",0.96408505866252,2.58846648268691e-09,0.0354692054885817,0.000418353093050806,2.73801673812729e-05
"2014-12-01",0.151743523736036,9.46284108387615e-07,0.848244150877335,2.58822373555687e-09,1.13765142970435e-05
"2014-12-02",0.00279079164381518,0.821875489109924,4.1798711527444e-09,1.54940400285922e-07,0.175333560125989
"2014-12-03",0.990589857295382,1.25150364061511e-09,2.26734536585657e-09,2.86632230257884e-06,0.00940727286346644
"2014-12-04",0.997358380527849,2.18907971831283e-11,2.47517601177132e-11,3.56298147025305e-07,0.00264126312736188
"2014-12-05",4.79136396161835e-23,3.97038054701937e-11,2.11669074679585e-13,4.33117352500121e-06,0.999995668786559
"2014-12-08",9.22000433190979e-08,9.16044557583256e-17,0.999709576106264,6.2654135828382e-15,0.000290331693686619
"2014-12-09",1.52823346103302e-09,9.31447602434425e-07,1.61256513199275e-06,1.76538961500412e-13,0.999997454458856
"2014-12-10",6.20788994593523e-08,0.0051947121093424,6.61607749427511e-26,0.00107397807951356,0.993731247732245
"2014-12-11",0.00042092280608091,0.36200059600101,0.218932252808329,0.41060417966644,0.00804204871814094
"2014-12-12",0.0328362065919785,0.805462707046339,0.0893422724172903,0.00232122350544558,0.0700375904389463
"2014-12-15",0.57672712555374,0.00444822526422814,0.413309947025043,0.00430468906383017,0.00121001309315859
"2014-12-16",0.970262952403975,0.00468580231930271,0.0181627070690868,0.00687544979122891,1.30884164062948e-05
"2014-12-17",2.24343634273188e-11,1.73465524925847e-06,0.999998044575282,2.20747033889864e-07,1.19643331699463e-16
"2014-12-18",1.51128068408338e-11,0.000975412205437416,0.986256861511067,0.0127676879107759,3.83576073183318e-08
"2014-12-19",0.00187142977405286,0.0401727018375573,0.957008926660827,0.000513259206327836,0.000433682521234835
"2014-12-22",5.49438939599779e-12,2.48766546984172e-22,5.43865454463621e-15,0.0207378804401486,0.979262119554351
"2014-12-23",1.42968650737504e-45,4.72821256654179e-21,0.999999999957944,4.20560992856508e-11,1.02637495268479e-24
"2014-12-24",2.17318529795782e-16,0.00704874410578656,0.992948875283382,2.38043148065149e-06,1.79350587512373e-10
"2014-12-29",1.95303361885439e-07,0.00103322345753934,0.252451952309426,0.74651271773552,1.91119415290174e-06
"2014-12-30",6.910022034499e-16,8.66826271480584e-12,2.14101321053075e-31,1.48123848427945e-05,0.999985187606488
"2014-12-31",6.22149344561524e-09,1.85786719731683e-11,0.0108792394722263,0.987868262120871,0.00125249216683027
"2015-01-05",1.29727044841105e-12,9.55627640350906e-05,0.996294229146258,0.00339039661132359,0.000219811477085506
"2015-01-06",0.0003352184844091,0.350765568017883,0.0795226504342745,6.90535999058357e-07,0.569375872527434
"2015-01-07",0.00398666729956554,0.288848424537736,0.686548943331394,0.0204764275918735,0.000139537239430054
"2015-01-08",1.08590476219775e-05,6.56506475306823e-05,0.932156379203518,0.0670076535739879,0.000759457527341072
"2015-01-09",0.012592130509383,0.0478193067011395,0.0476697435731054,7.26130406441901e-05,0.891846206175728
"2015-01-12",0.974965299314539,0.0236501014065513,1.29448531011195e-05,0.00124091310467216,0.000130741321136651
"2015-01-13",0.324982949363454,0.0505935577912333,0.624003257372246,0.000420231723191703,3.74987493038823e-09
"2015-01-14",0.00262141975245683,0.127964213723513,0.000151016068336327,6.03714344345976e-05,0.869202979021259
"2015-01-15",0.00558800173791476,0.0226732818008503,0.828782990703315,0.142955314345523,4.11412397315172e-07
"2015-01-16",0.104745629155797,1.11270294908596e-07,0.253703524586198,0.641329496708345,0.000221238279365747
"2015-01-20",0.999904026169131,6.75338899870945e-05,2.8102208775013e-05,3.41975625839359e-20,3.37732106511525e-07
"2015-01-21",1.82231177311942e-18,0.0352026135218593,0.964796950580516,1.79678198393872e-21,4.3589762473825e-07
"2015-01-22",0.296584976944797,0.633677594584574,0.0697319210031884,6.78605192996337e-15,5.50746743414803e-06
"2015-01-23",0.0856866314205395,2.35778282407601e-06,0.888429001778501,0.00568273340195115,0.0201992756161842
"2015-01-26",0.00586779381327083,0.823234254504232,0.0811620001492918,0.0897359515242091,8.99632824678964e-12
"2015-01-27",3.43378688833551e-05,0.00046372634329955,0.00382893302702869,0.000904196307617368,0.994768806453171
"2015-01-28",0.0228690202878035,5.74729634174794e-05,0.035060025145143,0.94198110424006,3.23773635755148e-05
"2015-01-29",0.0644912502659959,4.06250104537862e-05,0.0203093891078198,0.915158679037556,5.6578174679911e-08
"2015-01-30",0.00103226739177627,0.074696826231828,0.812475107813111,0.0960147851378128,0.015781013425472
"2015-02-02",4.80233459109745e-05,0.0713714186823675,7.54313399736944e-06,0.925378281275572,0.00319473356215198
"2015-02-03",0.0139542668993031,0.618862921937584,0.0033398306023035,0.322400228156361,0.0414427524044478
"2015-02-04",0.0116912491724843,0.116547415384033,1.78860851371819e-05,0.871727762700239,1.56866581063673e-05
"2015-02-05",6.35571295000851e-05,0.0271374615558738,0.00756154319266372,0.96523740970685,2.84151121123556e-08
"2015-02-06",0.442913149779174,0.0112885449045705,8.28301846905139e-10,0.545797788075787,5.16412166136069e-07
"2015-02-09",5.31704356850382e-06,0.953058343613578,0.000144294760204763,0.0463498761950137,0.000442168387634911
"2015-02-10",0.0527933053517104,0.00043562277544317,0.871437553763583,0.0753325390393285,9.79069934762745e-07
"2015-02-11",0.000117182776702237,0.979247467966271,0.00354354086153749,0.0170102702898979,8.15381055914465e-05
"2015-02-12",0.419456176001667,0.000733862092053055,0.576892787727615,0.00290095330996854,1.62208686965557e-05
"2015-02-13",0.0291749918190174,0.00552030772220915,0.00982028270170525,0.000522561830303823,0.954961855926764
"2015-02-17",0.00858425992333131,3.15785587081719e-05,4.30501014189963e-08,0.991364439133619,1.96793342395771e-05
"2015-02-25",0.0116505526554675,0.01035145641551,2.6447991852692e-08,0.977997915037976,4.94430543292198e-08
"2015-02-26",0.139239631951544,0.00233472939196322,0.766038886892367,0.0363992455069303,0.0559875062571955
"2015-02-27",8.79806501021849e-05,0.665293740744582,0.0260403027489591,0.0205329337326481,0.288045042123708
"2015-03-02",7.74417319368793e-05,0.978758400698011,0.0109099573856238,0.0096346610737816,0.000619539110646236
"2015-03-03",1.09223587977009e-09,0.908836288221394,0.090629024741774,4.33410411361267e-08,0.000534642603555054
"2015-03-04",0.776585020245593,6.84448202863683e-08,0.221180344855597,0.00197213744479032,0.000262429009199545
"2015-03-05",4.93940881996069e-05,0.0158033036118319,0.00447581196018785,0.000630640782852146,0.979040849556929
"2015-03-06",0.597030425049108,0.00504959746849935,0.00647809311976769,0.00395138935573136,0.387490495006894
"2015-03-09",0.123281995331711,0.0645164570111092,0.0164238523680297,0.795777695288936,2.14006978847594e-13
"2015-03-10",0.00250727456687141,0.000401101714377751,7.77611335835066e-05,0.607161650907993,0.389852211677174
"2015-03-11",0.0917617022356168,0.000986743641786775,2.89544654202317e-05,0.116077483067,0.791145116590176
"2015-03-12",0.046683727709323,0.269821901014095,0.0274234318979842,0.556328192733171,0.0997427466454266
"2015-03-13",0.0884384794604762,0.00185229821136974,0.895741373646273,7.99593158850755e-05,0.0138878893659956
"2015-03-16",0.277586749251042,0.00448636056100823,0.71790867592942,1.18576994215539e-08,1.82024008302802e-05
"2015-03-17",0.0372725382526734,4.59968276157107e-06,0.962599763446354,9.54311566318863e-13,0.000123098617256573
"2015-03-18",0.00371132876136971,1.36339052760579e-07,0.996171969395208,0.000115606251969149,9.59252400615512e-07
"2015-03-19",2.96920274484687e-07,0.940878604105921,0.00155763621981671,0.0572605005555389,0.000302962198448621
"2015-03-20",0.540585356561197,1.01154654739273e-05,0.00114390800912878,0.457020840720666,0.00123977924353386
"2015-03-23",0.975515929375193,0.0114399496543982,0.0121523144442412,0.000891057838616132,7.48687551511561e-07
"2015-03-24",0.969588694199885,2.07098031686922e-08,0.00186673882889144,0.0280661982901005,0.000478347971319734
"2015-03-25",0.0013673649181789,0.00975937030480464,0.980349328193455,0.00850267876630791,2.12578172530217e-05
"2015-03-26",0.00248877756354676,0.0443580609711183,6.70031425237062e-06,0.952930719895148,0.000215741255934111
"2015-03-27",0.00508489871991234,0.00104255655453073,0.92955931951025,5.08278361410552e-05,0.0642623973791662
"2015-03-30",0.952006928964627,0.00518598725030312,0.0385916416344633,1.1684300263271e-06,0.00421427372058009
"2015-03-31",0.953379258402475,0.0393593756739065,6.84284362084373e-07,0.00503563989725407,0.00222504174200189
"2015-04-01",0.495552742034169,0.455900361045229,8.07057728848172e-05,0.00176042398064349,0.0467057671670732
"2015-04-02",0.0675272447269011,0.930831464016355,3.19296828785246e-05,6.94919728688608e-07,0.00160866665413678
"2015-04-07",1.59966371131853e-08,6.09173353077879e-11,0.156284756412632,1.02058069440202e-14,0.843715227529803
"2015-04-08",6.71406905759076e-10,1.93797954890613e-05,0.00720482741034026,1.39811112032463e-17,0.992775792122764
"2015-04-09",0.00015617951540509,5.88115425073143e-05,2.70561778046233e-05,0.998209600528176,0.00154835223610706
"2015-04-10",0.031588649916213,1.48410485640499e-06,1.13868629769795e-06,0.560525538943443,0.40788318834919
"2015-04-13",0.989470822111769,1.06256323613734e-06,0.000404155394147898,0.010121757205287,2.2027255599975e-06
"2015-04-14",0.383525583356358,0.588014730413409,1.18254028426868e-09,0.0284466344367001,1.3050610992383e-05
"2015-04-15",1.26986788559629e-13,1.12426675756632e-11,0.00037899558655029,0.99962100440207,9.69795394091094e-15
"2015-04-16",0.0424880822917389,3.70277214679488e-18,2.87294454443963e-06,0.95750904476369,2.67601884098671e-14
"2015-04-17",1.72039590670117e-06,9.00116116014145e-11,0.182104490433956,0.817893783279053,5.80107275055608e-09
"2015-04-20",0.000160821955830946,0.0157536364338735,0.0426512233147293,0.826097573594637,0.11533674470093
"2015-04-21",6.11395986269373e-07,0.0141567731560334,0.688929383371285,0.296913227358732,4.71796333788868e-09
"2015-04-22",0.038620617234615,0.961379378913375,1.60258462614698e-11,3.83598423206173e-09,4.59233590769186e-17
"2015-04-23",0.186301964587336,0.000187120335179674,1.46571023659823e-05,0.813496257975117,1.33412981778107e-15
"2015-04-24",0.0036278255743134,1.90146997310185e-05,0.585162790640096,0.331156460775946,0.0800339083099131
"2015-04-27",0.0146278102699925,0.599417385688259,0.379729893392585,0.00370518175344276,0.00251972889572128
"2015-04-28",2.28187178900398e-05,0.017457189456408,3.17070742238076e-08,0.394397351958806,0.588122608159822
"2015-04-29",0.00012706032012008,0.943169218745488,0.0567032749704393,4.42246181341263e-07,3.71777172093499e-09
"2015-04-30",0.77534416562643,4.17631296170831e-05,0.00224584489229309,0.198871344691081,0.0234968816605783
"2015-05-04",0.000564549983939662,0.00948625264576468,0.867786087579773,0.121418755715312,0.000744354075210661
"2015-05-05",1.27805065298604e-06,0.995968707215808,1.36344604678639e-05,7.09256669382667e-06,0.00400928770637704
"2015-05-06",1.76345666056352e-09,0.756901911151966,2.23411392874093e-12,4.58399812736849e-10,0.243098086623943
"2015-05-07",0.00804659230902853,0.00528717528335967,0.90254998639332,5.84777949694603e-05,0.0840577682193227
"2015-05-08",1.4218945395067e-08,3.09596979842603e-10,0.845264073090016,0.000418847908974219,0.154317064472468
"2015-05-11",1.61480632908435e-23,3.69881921455958e-15,4.1987005418615e-06,0.999995801299454,4.99985076441143e-22
"2015-05-12",6.11727795298003e-28,5.39280772072808e-12,0.00719181427994123,0.992808185714629,3.73691357876107e-14
"2015-05-13",0.0922846775279707,0.902604252775375,0.00356809694292575,1.26502980552702e-06,0.00154170772392264
"2015-05-14",0.178022045188479,0.135803000048041,0.683177755602972,0.000158831692096364,0.0028383674684115
"2015-05-15",0.00495730178711304,0.626807516122803,0.334797525620284,0.0292530901848734,0.00418456628492591
"2015-05-18",0.000337678589081409,0.000555206728206324,1.47429946380511e-06,0.952581648896858,0.0465239914863901
"2015-05-19",0.980642820176224,0.0191880502295525,2.57632247936469e-05,2.60901364242028e-08,0.000143340279293836
"2015-05-20",0.998848693573335,0.000740818526167495,2.14323644946101e-07,1.48333884019928e-11,0.000410273562019826
"2015-05-21",0.000149572129465828,5.22786312379966e-06,2.82516966064023e-13,0.999834179977713,1.10200294147407e-05
"2015-05-22",2.33087176535906e-10,1.16804824292804e-07,0.998624900816304,5.1807883525589e-05,0.00132317426225912
"2015-05-26",1.35269454997908e-31,3.61990086047534e-06,0.999995432070052,1.0648246394035e-13,9.48028981169162e-07
"2015-05-27",2.48423789238687e-14,0.0208734730899642,2.59726066755362e-12,8.90938504716589e-12,0.979126526898504
"2015-05-28",3.20272637203529e-24,1.38130394589491e-08,0.999999986162279,2.46326406490184e-11,4.90041444985938e-14
"2015-05-29",4.66501669839501e-34,8.43632487340305e-23,0.99999994287013,5.71289589913991e-08,9.10624403976899e-13
"2015-06-01",6.06282075206634e-19,0.985350969369161,4.10073822569123e-05,0.0146080232485824,6.24189192688295e-17
"2015-06-02",6.10476315652532e-05,1.08590639986985e-34,8.36342017855567e-10,0.999938951532086,6.95141937756197e-15
"2015-06-03",3.20343530829505e-17,2.74827146003941e-07,0.99083897964024,0.000442354653609129,0.00871839087900476
"2015-06-04",0.0105193468952785,0.000145187130837752,0.262428186296812,0.67844958891325,0.0484576907638211
"2015-06-05",0.00404934950233731,0.613614594695874,0.364884445922627,0.000632821617494828,0.0168187882616676
"2015-06-08",0.690953950086399,9.77210697199198e-08,0.000592292155714664,1.37800705912241e-09,0.30845365865881
"2015-06-09",0.000147950039737274,0.00275071161325292,0.00109217932741124,0.194530762133785,0.801478396885814
"2015-06-10",0.000538606989011623,0.0401005379411291,0.205561827719142,0.00353330734617084,0.750265720004546
"2015-06-11",0.000528144091780672,0.976648644429893,2.18595022570234e-05,0.0140558403786777,0.00874551159739159
"2015-06-12",0.90275716901868,0.00137300017607823,2.42307366183832e-06,0.0942754693193905,0.00159193841218967
"2015-06-15",0.0350347493798497,7.20450743772991e-07,0.849876471239158,0.0180568924816976,0.097031166448551
"2015-06-16",0.0050647642245279,7.51323002143051e-07,8.94954814632873e-09,5.65076976147879e-16,0.994934475502921
"2015-06-17",0.999999225050867,4.13646956859241e-07,1.66189452421891e-11,5.47153212658481e-10,3.60738404135268e-07
"2015-06-18",0.0285418601602555,7.8387593006062e-08,0.000134275976321946,2.2598805246111e-07,0.971323559487777
"2015-06-19",1.63533039375566e-35,8.81279080914073e-24,8.80703829025022e-10,4.22232110481287e-14,0.999999999119254
"2015-06-23",3.8285115992577e-28,8.55899516700916e-12,6.99132627004427e-06,1.75352776054715e-21,0.999993008665171
"2015-06-24",0.15815548031467,1.55525744730434e-15,6.45349801584858e-06,3.56313122557742e-14,0.841838066187277
"2015-06-25",0.000223386671039468,1.37674796988256e-06,5.27305803810994e-09,0.02516500871849,0.974610222589443
"2015-06-26",1.4007864737341e-50,2.74936554868382e-21,1.24608008924125e-33,4.77675346210826e-15,0.999999999999995
"2015-06-29",4.01851870725083e-65,7.50981284840778e-39,7.99587233606132e-23,1.27016030039308e-36,1
"2015-06-30",4.18886683150102e-13,1.13832905286819e-57,2.55419874083188e-25,1.87627446867633e-70,0.999999999999581
"2015-07-01",1.34382511570617e-09,1.94758907545579e-19,7.9667674458706e-25,1.18186534751112e-35,0.999999998656175
"2015-07-02",2.75929272186708e-20,7.41098762180961e-25,4.66407530225259e-18,1,1.08280482250524e-39
"2015-07-06",3.34891884153699e-31,2.64028000931991e-63,4.30977583031762e-29,5.16131484771272e-22,1
"2015-07-07",1.7033534359106e-62,4.7260706154202e-37,2.52355671704202e-13,7.97691884273053e-30,0.999999999999748
"2015-07-08",1.20267224769247e-17,2.28867843735832e-16,3.95336509944781e-35,1,7.57349947005372e-49
"2015-07-09",2.82187556851968e-28,2.60222665705369e-13,0.000202802693924662,9.0123905762094e-27,0.999797197305815
"2015-07-10",1.00255515490207e-31,5.80662850904215e-10,1.74012191814693e-46,1.10412033409196e-28,0.999999999419337
"2015-07-13",0.99999999892535,1.07464970991318e-09,1.50776902020478e-19,1.84089242445853e-36,1.11586064087828e-30
"2015-07-14",4.43424610748766e-07,1.92341700575686e-20,1.15992293990972e-38,0.999999556575389,1.09257521802117e-23
"2015-07-15",6.85971961867484e-40,8.3639953391341e-16,2.82423585826024e-34,0.999999999993882,6.11666478529147e-12
"2015-07-16",4.52747025518535e-82,3.59006873466027e-29,0.992092698754233,1.23799030694214e-12,0.0079073012445286
"2015-07-17",1.13837733740269e-25,0.997186371684117,0.00281362831588295,1.92267468840603e-19,8.61864609081166e-17
"2015-07-20",1.2973133980889e-28,0.958526589761295,0.0414734094772905,3.47018629094164e-10,4.14395608098148e-10
"2015-07-21",0.41661864772131,2.43390404563501e-11,0.57697163032275,0.00599912366559625,0.000410598266005023
"2015-07-22",0.0919202384466876,2.24902847296289e-05,0.80977006101248,0.0940483237324613,0.00423888652364128
"2015-07-23",0.0266148064460911,0.000106690496245954,0.965397690011556,0.00787664647822584,4.16656788133323e-06
"2015-07-24",0.0711484218519677,4.05476785241058e-11,0.780078851526786,0.0167736141345778,0.131999112446121
"2015-07-27",4.16175451514876e-11,5.48470237013596e-23,2.05093216442452e-36,1.13270703840862e-12,0.99999999995725
"2015-07-28",1.96420314727746e-19,1.39071739007113e-20,1.394429309683e-40,1,3.95677207324699e-25
"2015-07-29",0.00297228966028119,7.61148321877495e-26,5.94902828146953e-28,0.997027710339719,2.84631505009702e-30
"2015-07-30",4.56617409499462e-41,0.000292646761160511,1.33835143891951e-11,0.999706688250467,6.64974988935505e-07
"2015-07-31",0.000137737950143506,1.31656379336106e-06,0.999844997785622,7.03916940175655e-06,8.90853103963624e-06
"2015-08-03",1.12677952877797e-10,3.98799110836541e-09,4.05333995534567e-07,1.23143589051899e-14,0.999999590565323
"2015-08-04",1.77229994573642e-37,4.35661545436813e-11,2.44570528520803e-20,9.20259048765205e-09,0.999999990753843
"2015-08-05",1.37763090887159e-14,9.79057602589498e-21,3.40455677426856e-18,1.72133387458126e-09,0.999999998278652
"2015-08-06",7.46336567960675e-08,0.000195885964142456,0.000823298819398245,0.996222068709214,0.00275867187358898
"2015-08-07",0.000107579977542723,1.26297723605866e-07,0.00242563175657055,0.277848806602298,0.719617855365865
"2015-08-10",3.52848300834669e-13,3.20358907070036e-13,0.993300736643845,0.00669926334181074,1.36711714655733e-11
"2015-08-11",0.891354320314861,6.4562807517626e-09,2.1233941121125e-08,7.14823255737497e-22,0.108645651994918
"2015-08-12",0.219057494519871,0.16555804112212,5.88163299385506e-09,0.036508688942298,0.578875769534078
"2015-08-13",6.92097957963728e-05,0.198021400442462,0.731522993321447,0.0564740900563587,0.0139123063839355
"2015-08-14",7.14307046688337e-08,0.856399388509285,0.00322177105593857,0.107200400554667,0.0331783684494039
"2015-08-17",0.000621436856473932,0.948983064171821,0.0013649426402439,0.0459551590843089,0.00307539724715228
"2015-08-18",6.23931668442444e-16,1.19831512064759e-08,1.54687518182478e-25,1.48151359690583e-15,0.999999988016847
"2015-08-19",5.36050042905483e-15,2.41511457838766e-39,1.56090736097073e-24,0.999999999998925,1.06934719494813e-12
"2015-08-20",8.7911667197386e-13,9.48872591915239e-07,0.999998909031697,1.4209483163454e-07,1.66151632029359e-17
"2015-08-21",8.94919889456629e-21,9.92915886306525e-36,2.63924920380089e-10,0.999999999736075,5.31080310531297e-33
"2015-08-24",5.5625615468304e-31,1.87990157491798e-66,8.84286909202941e-24,1,1.73820066701142e-34
"2015-08-25",9.36434730431737e-75,2.58615260393348e-55,1,3.36013889220011e-88,5.87270471048863e-67
"2015-08-26",2.26122095011629e-37,1.23689066317554e-63,1,1.06939745192942e-73,4.23237841738785e-23
"2015-08-27",1.8385002519111e-47,6.3013796241644e-53,0.999998075628467,1.92437153326317e-06,1.45890661871313e-36
"2015-08-28",8.91537765914337e-28,0.999999999998605,2.91454222565613e-16,1.39499002304937e-12,2.68894114779417e-36
"2015-08-31",0.999999523485763,9.81434050753429e-17,4.76514236495277e-07,1.64955889448995e-50,6.76871117645182e-35
"2015-09-01",9.94665945593923e-18,1.73167298293434e-17,1.36444135416721e-31,9.8905664918482e-64,1
"2015-09-02",3.23709458573409e-10,9.29818931047156e-22,4.45500449137093e-45,0.99999999967629,5.36475200978922e-29
"2015-09-07",1.10139414910849e-25,0.00873213842425819,5.98662214737577e-14,0.991267861565014,1.06681239134808e-11
"2015-09-08",0.00600592236972368,8.41862879663468e-09,0.993994069208834,2.68975710707393e-13,2.54483786970478e-12
"2015-09-09",0.208970577052395,8.15058682961545e-10,0.791029311529106,1.13190980608017e-14,1.10603429601044e-07
"2015-09-10",0.0293179020063131,0.735437007722108,1.32372387001332e-14,0.00486795623999566,0.23037713403157
"2015-09-11",0.00253318131996784,0.295406536874735,0.577313452088938,0.0592868977399609,0.0654599319763986
"2015-09-14",0.00136884201471365,1.15197048999143e-13,0.998631157985171,3.5428709099241e-44,4.31928259167e-21
"2015-09-15",1.06398028588913e-10,3.18780570413664e-39,0.99999999989342,4.73505152186643e-18,1.82393350119623e-13
"2015-09-16",9.40753541254223e-35,2.24212379336792e-19,0.999999998638606,1.36139375633339e-09,7.25489016901547e-32
"2015-09-17",1.04874701313432e-35,2.48601530777862e-21,0.999999999996206,4.42078124405755e-31,3.79410853850965e-12
"2015-09-18",2.51508652803862e-14,0.421050588519837,2.09828386022067e-23,0.578949411480138,1.29939850690252e-16
"2015-09-21",0.881344178330024,2.87418312558172e-18,7.98227655988661e-07,0.00108417141250578,0.117570852029814
"2015-09-22",4.52613937030634e-07,2.30602836281401e-07,0.099674922075394,0.0907979113597728,0.80952648334806
"2015-09-23",0.0290588105057161,0.650503669949382,0.15154666128365,6.95823759623148e-06,0.168883900023656
"2015-09-24",0.058225553996959,0.0253237255060474,1.20028285477755e-13,0.813456778858449,0.102993941638424
"2015-09-25",1.46010690053237e-05,0.723455622592638,0.0613354216202942,2.46407254558809e-14,0.215194354718038
"2015-09-28",0.583081611995036,1.52330818306873e-34,0.351406032660129,1.30645365570237e-06,0.0655110488911787
"2015-09-29",0.679797772427375,5.14926943853467e-09,0.00442325480979975,0.278494421153031,0.0372845464605246
"2015-09-30",0.0558477313814116,3.16710087119088e-17,0.158082449546614,0.766543358908453,0.0195264601635209
"2015-10-08",6.86512837679145e-06,0.000198222788874313,0.637057813834832,0.00026923786473837,0.362467860383178
"2015-10-09",0,0,0,0,0
