,Open,High,Low,Close,VolumeBTC,VolumeCurrency,WeightedPrice,candlecolor,engulfing,stochRSI,SMA10Close,SMA20Close,SMA50Close,SMA100Close,SMA200Close,IchimokuconversionLine,IchimokuBaseline,IchimokuLeadingSpanA,IchimokuLeadingSpanB,IchimokuLaggingSpan,IchimokuCloudSpan,DistanceLeadingSpanA,DistanceLeadingSpanB,ConversionLineBaseLine,AverageTrueRange,SupportLine1,SupportLine2,SupportLine3,SupportSlope1,SupportSlope2,SupportSlope3,ResistantLine1,ResistantLine2,ResistantLine3,ResistanceSlope1,ResistanceSlope2,ResistanceSlope3,CategoricalIncrease
201,276.74,292.0,274.62,288.78,0.29562992,17197486.0,280.7,-1.0,0.0,0.92358357,0.13887389,0.13887562,0.08280421,0.43939018,0.2277218,0.92980814,0.8882367,0.90902245,1.3546644,0.86290604,-0.44564202,287.87097,287.42532,0.04157144,20.930714,0.66193694,0.66193694,0.66193694,1.3105367e-05,1.3105367e-05,1.3105367e-05,1.9718388,1.1011497,1.1011497,1.2634947e-05,2.3065735e-05,2.3065735e-05,0
202,288.97,297.44,276.66,280.19,0.29964414,17961048.0,289.23,1.0,0.0,1.0,0.09351511,0.11032157,0.094644345,0.48992968,0.19899353,0.958314,0.9394875,0.94890076,1.3555088,0.7741176,-0.40660802,279.2411,278.8345,0.01882651,20.207857,0.6882016,0.6882016,0.6882016,1.3507148e-05,1.3507148e-05,1.3507148e-05,2.0152884,1.1176348,1.1176348,1.3022306e-05,2.377288e-05,2.377288e-05,0
203,280.19,285.88,260.41,262.19,0.239588,13830899.0,278.54,-1.0,0.0,1.0,0.015099737,0.04958999,0.1513513,0.5980217,0.13875109,1.0241047,1.0039856,1.0140451,1.4291162,0.8707426,-0.41507113,261.17596,260.7609,0.020118998,20.462856,0.74188524,0.74188524,0.74188524,1.4434448e-05,1.4434448e-05,1.4434448e-05,2.135625,1.1761847,1.1344445,1.3916319e-05,2.5404946e-05,5.5330278e-05,0
204,262.19,271.5,260.45,261.46,0.29283395,16105504.0,265.37,-1.0,0.0,1.0,0.0008452536,0.046517633,0.13660446,0.60792434,0.13140883,1.0323759,1.0096955,1.0210357,1.4331064,0.9829037,-0.4120707,260.43896,260.0269,0.022680333,20.495,0.750468,0.750468,0.750468,1.4474748e-05,1.4474748e-05,1.4474748e-05,2.1236703,1.1615167,1.100239,1.3955174e-05,2.5475878e-05,5.5484757e-05,0
205,261.46,262.2,221.11,231.0,0.48581147,24045786.0,238.81,-1.0,0.0,0.8732535,0.14669263,0.08106926,0.26575238,0.8258771,0.011303463,1.1881602,1.1428355,1.1654978,1.4860173,1.0623809,-0.32051948,229.8345,229.51398,0.045324676,19.855715,0.8568603,0.8568603,0.8568603,1.638341e-05,1.638341e-05,1.638341e-05,2.3835907,1.2946662,1.2044071,1.5795324e-05,2.8835164e-05,6.280106e-05,0
206,231.0,235.93,198.12,230.54,0.81746876,37686964.0,222.42,-1.0,0.0,0.66075116,0.14870304,0.07830311,0.24669558,0.834188,0.0043699574,1.1692114,1.1451159,1.1571636,1.465017,1.0994622,-0.3078533,229.38284,229.07498,0.024095602,21.87857,0.8660845,0.8660845,0.8660845,1.6416101e-05,1.6416101e-05,1.6416101e-05,2.368365,1.2775048,1.1671642,1.5826841e-05,2.88927e-05,6.292637e-05,1
207,230.41,237.22,224.39,235.6,0.6628385,31492974.0,229.21,-1.0,1.0,0.58969545,0.1179966,0.053953733,0.19891511,0.79920924,0.020944398,1.0953099,1.0953099,1.0953099,1.3946307,1.1744907,-0.29932088,234.50468,234.20537,0.0,23.862143,0.8409168,0.8409168,0.8409168,1.5756435e-05,1.5756435e-05,1.5756435e-05,2.2981105,1.2310413,1.1045768,1.5486927e-05,2.8272168e-05,6.1574894e-05,0
208,235.39,246.24,233.02,234.79,0.71459204,35595730.0,240.29,1.0,0.0,0.4151419,0.11520508,0.060187828,0.18830104,0.8102888,0.012613399,1.0990885,1.0990885,1.0990885,1.3722901,1.2011158,-0.27320158,233.69092,233.41771,0.0,24.018572,0.731153,0.731153,0.731153,6.6730036e-06,6.6730036e-06,6.6730036e-06,2.2867458,1.2164868,1.0719748,1.5540354e-05,2.8369705e-05,6.178732e-05,0
209,234.79,236.09,223.0,230.0,0.5650006,27003168.0,230.53,-1.0,0.0,0.40230128,0.1273826,0.08415218,0.19852869,0.8526339,0.012981304,1.1219783,1.1219783,1.1219783,1.3782173,1.1304348,-0.25623912,228.87802,228.62178,0.0,24.0,0.7272064,0.7272064,0.7272064,5.166315e-06,5.166315e-06,5.166315e-06,2.3148398,1.2229205,1.0706087,1.5864e-05,2.8960534e-05,6.0355902e-05,1
210,230.0,237.25,223.12,233.81,0.5897402,28277288.0,231.27,-1.0,0.0,0.47590405,0.08264831,0.065666564,0.17076857,0.82518196,0.0013410462,1.0597494,1.1036953,1.0817224,1.2966083,1.0815191,-0.21488602,232.72827,232.5134,-0.04394594,24.207857,0.86845523,0.86845523,0.86845523,1.52291595e-05,1.52291595e-05,1.52291595e-05,2.2580678,1.1846827,1.0200317,1.560549e-05,2.8488615e-05,5.9372385e-05,1
211,233.81,240.56,231.16,238.95,0.63162464,30998840.0,236.7,1.0,0.0,0.51480263,0.04137267,0.041037872,0.13485499,0.78819126,0.015364093,1.0369533,1.0799539,1.0584537,1.2687173,1.0617284,-0.21026365,237.89154,237.68129,-0.043000627,23.327858,0.8567699,0.8567699,0.8567699,1.4901569e-05,1.4901569e-05,1.4901569e-05,2.1910098,1.1415559,0.99288553,1.5269805e-05,2.7875802e-05,5.3235926e-05,1
212,239.06,248.19,236.1,245.71,0.63264996,31816894.0,242.54,1.0,0.0,0.36107466,0.00755769,0.013066216,0.09129055,0.7403818,0.037650686,0.9849009,1.0502422,1.0175716,1.2338122,0.96109235,-0.21624069,244.69243,244.47618,-0.06534126,23.01357,0.84005773,0.84005773,0.84005773,1.4491595e-05,1.4491595e-05,1.4491595e-05,2.112904,1.0932525,0.9790403,1.48497e-05,2.7108881e-05,4.4838536e-05,1
213,245.71,273.0,242.82,270.07,0.7949261,42003156.0,254.81,1.0,0.0,0.0,0.10984189,0.076839335,0.014768763,0.5798641,0.11996371,0.8694413,0.9555115,0.9124764,1.1225238,0.82719296,-0.2100474,269.15753,268.94748,-0.08607028,22.38,0.77057755,0.77057755,0.77057755,1.318447e-05,1.318447e-05,1.318447e-05,1.9062399,0.97950363,0.918984,1.3510275e-05,2.466369e-05,3.3210275e-05,1
214,270.04,284.0,259.82,282.84,0.71558076,40239640.0,271.16,1.0,0.0,0.0,0.1472458,0.1118088,0.06311413,0.50271994,0.15498321,0.83283836,0.912371,0.87260467,1.0718428,0.7994626,-0.19923809,281.9674,281.76816,-0.0795326,21.72857,0.741844,0.741844,0.741844,1.2589201e-05,1.2589201e-05,1.2589201e-05,1.8049465,0.96521,0.96521,1.29002965e-05,2.2808726e-05,2.2808726e-05,1
215,283.03,334.67,279.25,310.18,1.0459448,66057548.0,304.52,1.0,0.0,0.0,0.21551679,0.18077084,0.14972661,0.35265395,0.2249755,0.77716166,0.8319524,0.804557,0.977368,0.7538526,-0.17281094,309.37546,309.20264,-0.054790765,20.192858,0.68202513,0.68202513,0.68202513,1.1479559e-05,1.1479559e-05,1.1479559e-05,1.6320846,0.9155974,0.9155974,1.17632335e-05,2.0021707e-05,2.0021707e-05,1
216,310.9,502.0,303.01,383.53,1.8131558,149299420.0,396.99,1.0,0.0,0.0,0.34490392,0.3272091,0.3158251,0.07285688,0.36921465,0.72702265,0.6945871,0.7108049,0.79044664,0.63087636,-0.07964175,382.81918,382.73956,0.032435533,22.91,0.556129,0.556129,0.556129,9.284097e-06,9.284097e-06,9.284097e-06,0.8726045,0.8726045,0.8726045,1.4151217e-05,1.4151217e-05,1.4151217e-05,0
217,383.62,390.47,294.0,333.0,1.1656572,82978510.0,343.15,1.0,0.0,0.31420472,0.19955556,0.20428228,0.21018077,0.22635165,0.26784158,1.0885886,1.0512313,1.0699099,0.98258257,0.7076877,0.087327324,331.93008,332.01743,0.037357356,35.639286,0.6457901,0.6457901,0.6457901,1.0692882e-05,1.0692882e-05,1.0692882e-05,1.5075076,1.5075076,1.5075076,9.392109e-06,9.392109e-06,9.392109e-06,0
218,332.95,350.44,310.0,326.5,0.76255405,52010950.0,328.74,-1.0,0.0,0.6191284,0.15378867,0.17591578,0.19705972,0.23490751,0.24826263,1.1102604,1.0721593,1.0912098,1.002144,0.72820824,0.08906585,325.40878,325.49786,0.038101073,40.710712,0.66406894,0.66406894,0.66406894,1.0905757e-05,1.0905757e-05,1.0905757e-05,1.5264865,1.5264865,1.5264865,9.579088e-06,9.579088e-06,9.579088e-06,1
219,326.5,369.7,316.0,356.95,0.41257375,29255266.0,341.75,-1.0,0.0,1.0,0.20028295,0.23692814,0.26823813,0.122039504,0.30791175,1.0157164,0.9806976,0.99820703,0.916655,0.65025914,0.081552036,355.95178,356.03336,0.03501891,42.81,0.61242044,0.61242044,0.61242044,9.97543e-06,9.97543e-06,9.97543e-06,1.3862488,0.9817622,0.9817622,8.761934e-06,0.00021864413,0.00021864413,1
220,356.78,389.89,348.64,388.0,0.44642854,34030380.0,367.37,1.0,0.0,0.69990355,0.23156185,0.2895773,0.32652578,0.02301933,0.35876006,0.9447938,0.9022165,0.9235051,0.843299,0.5798711,0.080206186,387.0765,387.1567,0.04257732,43.710712,0.5680494,0.5680494,0.5680494,9.177139e-06,9.177139e-06,9.177139e-06,1.266162,0.952835,0.952835,8.060753e-06,0.00011413597,0.00011413597,1
221,388.0,467.8,381.01,436.19,0.62348914,54022348.0,417.55,1.0,0.0,0.68381506,0.28110915,0.3553165,0.39835346,0.10010867,0.42522433,0.84607625,0.8025402,0.8243082,0.75013185,0.531053,0.07417639,435.3657,435.43988,0.043536074,43.95643,0.5094515,0.5094515,0.5094515,8.163254e-06,8.163254e-06,8.163254e-06,1.1181954,0.8938536,0.8938536,7.170206e-06,6.29093e-05,6.29093e-05,1
222,436.08,466.64,422.03,461.8,0.44785398,41969668.0,451.59,1.0,0.0,1.0,0.27826548,0.37510827,0.426534,0.15998355,0.45243645,0.80643135,0.75803375,0.7822326,0.70853186,0.53001297,0.07370073,461.01776,461.09146,0.048397575,49.239285,0.48516038,0.48516038,0.48516038,7.710545e-06,7.710545e-06,7.710545e-06,1.0535028,1.0129926,1.0129926,5.8960973e-06,1.3271329e-05,1.3271329e-05,0
223,461.89,462.0,407.25,417.39,0.43604216,39666250.0,438.34,1.0,-1.0,1.0,0.14970171,0.28686482,0.35690218,0.07894871,0.38869473,0.91259974,0.838688,0.8756439,0.7839191,0.60185915,0.09172477,416.51434,416.60608,0.07391169,51.48143,0.5412002,0.5412002,0.5412002,8.530942e-06,8.530942e-06,8.530942e-06,1.1629771,1.1179951,1.1179951,5.826092e-06,1.2666712e-05,1.2666712e-05,1
224,417.11,436.0,410.5,433.55,0.22194214,19647382.0,426.55,-1.0,0.0,1.0,0.14741552,0.29554722,0.37433144,0.12226156,0.40672436,0.9009918,0.80742705,0.8542094,0.7546996,0.60016143,0.09950986,432.6958,432.7953,0.093564756,54.45714,0.5253171,0.5253171,0.5253171,8.212962e-06,8.212962e-06,8.212962e-06,1.1140128,1.065621,1.065621,5.527228e-06,1.1882545e-05,1.1882545e-05,1
225,433.2,465.0,424.06,448.84,0.24653593,22648394.0,442.64,1.0,0.0,1.0,0.14288165,0.3003743,0.38522458,0.16062137,0.42215678,0.88673025,0.7799216,0.8333259,0.72899026,0.6497638,0.10433562,448.00668,448.11102,0.10680866,55.269287,0.51159924,0.51159924,0.51159924,7.933183e-06,7.933183e-06,7.933183e-06,1.0706201,1.0171822,1.0171822,5.2849487e-06,1.14777595e-05,1.14777595e-05,0
226,448.84,451.13,352.0,386.91,0.46172678,38739812.0,404.26,1.0,0.0,0.80266154,0.03014913,0.16023882,0.2765015,0.032255046,0.32392895,0.9844667,0.9047582,0.94461244,0.8456747,0.71538603,0.098937735,385.9654,386.06433,0.07970846,57.522144,0.59837335,0.59837335,0.59837335,9.202992e-06,9.202992e-06,9.202992e-06,1.2455045,1.2018299,1.2018299,5.0969293e-06,9.5488085e-06,9.5488085e-06,0
227,387.8,422.98,372.53,386.4,0.3837646,31340894.0,393.47,-1.0,0.0,0.82338154,0.03238354,0.13889623,0.2667469,0.03793737,0.31810015,1.00647,0.9059524,0.9562112,0.901941,0.7473602,0.054270186,385.4438,385.49805,0.1005176,63.739285,0.60409576,0.60409576,0.60409576,9.2151395e-06,9.2151395e-06,9.2151395e-06,1.3798118,1.2461617,1.1675208,3.31907e-06,4.6822465e-06,1.2008802e-05,0
228,386.37,405.97,363.73,375.64,0.2499801,20034038.0,386.11,-1.0,0.0,0.8173808,0.07617133,0.09415797,0.23732562,0.016355554,0.2934886,1.0432861,0.9319029,0.9875945,0.9319029,0.74590033,0.05569162,374.6524,374.7081,0.11138324,65.18714,0.6265155,0.6265155,0.6265155,9.479102e-06,9.479102e-06,9.479102e-06,1.4151505,1.2765284,1.1882004,3.4141428e-06,4.8163665e-06,1.2352787e-05,0
229,376.38,391.88,364.7,375.39,0.24475522,19180444.0,377.54,-1.0,0.0,0.56924766,0.08997842,0.07479421,0.23049629,0.02081089,0.28808,1.0874557,0.9325235,1.0099896,0.9325235,0.6984469,0.0774661,374.38,374.4575,0.1549322,66.47714,0.632094,0.632094,0.632094,9.485415e-06,9.485415e-06,9.485415e-06,1.4119173,1.2720681,1.1763556,3.4164166e-06,4.8195743e-06,1.2361013e-05,1
230,375.39,390.99,369.12,390.99,0.22357348,17577126.0,378.75,-1.0,0.0,0.34800863,0.051205914,0.093116194,0.25454974,0.06613545,0.3117443,1.0483644,0.895317,0.97184074,0.895317,0.66871274,0.0765237,390.01816,390.0947,0.1530474,64.46,0.6118704,0.6118704,0.6118704,9.106959e-06,9.106959e-06,9.106959e-06,1.216237,1.1495006,1.0536159,4.6272794e-06,9.449166e-06,3.3635755e-05,1
231,390.99,443.96,390.59,434.63,0.30398434,26103084.0,413.68,1.0,0.0,0.059113435,0.053654835,0.16609184,0.3230702,0.16556795,0.37640923,0.94176656,0.8054207,0.8735936,0.8054207,0.5314866,0.06817293,433.7564,433.8246,0.13634586,51.80857,0.5549657,0.5549657,0.5549657,8.192554e-06,8.192554e-06,8.192554e-06,1.0895694,1.0253228,0.9195536,4.162667e-06,8.500401e-06,3.0258483e-05,0
232,434.63,447.99,409.07,431.07,0.23268208,20690020.0,428.36,1.0,0.0,0.0,0.046201315,0.13650799,0.3101529,0.16170831,0.3662788,0.9476419,0.8120723,0.8798571,0.8120723,0.53480875,0.067784816,430.19016,430.25793,0.13556963,48.73,0.5641554,0.5641554,0.5641554,8.260213e-06,8.260213e-06,8.260213e-06,1.0940007,1.0299023,1.0299023,4.1970447e-06,8.252314e-06,8.252314e-06,0
233,431.07,440.99,382.0,399.83,0.27170795,23605714.0,418.52,-1.0,0.0,0.0,0.02063627,0.04586074,0.24879673,0.097733535,0.31143486,1.0216842,0.90663534,0.9641598,0.8755221,0.58925045,0.08863767,398.86584,398.95447,0.11504889,48.62143,0.61324203,0.61324203,0.61324203,8.905609e-06,8.905609e-06,8.905609e-06,1.1745752,1.1204512,1.1204512,4.524973e-06,7.727565e-06,7.727565e-06,1
234,399.77,421.91,393.11,410.9,0.18270938,15626235.0,411.98,-1.0,0.0,0.41852197,0.0111340955,0.055776343,0.26222876,0.12362254,0.32518142,0.99415916,0.8822098,0.9381845,0.8519348,0.5714042,0.086249694,409.96182,410.04807,0.11194938,48.999287,0.6016333,0.6016333,0.6016333,8.665685e-06,8.665685e-06,8.665685e-06,1.1381797,1.0825363,1.0825363,4.403066e-06,7.519378e-06,7.519378e-06,0
235,409.95,419.0,403.34,409.04,0.14158954,12144445.0,413.17,1.0,0.0,0.41387445,0.0121748485,0.035829015,0.25114706,0.11994353,0.31715015,0.9817255,0.8862214,0.93397343,0.85580873,0.5622922,0.07816473,408.10602,408.1842,0.095504105,48.11,0.6093446,0.6093446,0.6093446,8.705089e-06,8.705089e-06,8.705089e-06,1.1386021,1.0797497,1.0797497,4.4230883e-06,7.55357e-06,7.55357e-06,1
236,408.36,419.0,406.5,416.96,0.10423974,8958103.0,413.96,-1.0,1.0,0.13285226,0.0404835,0.04228823,0.25792018,0.13893251,0.3252764,0.9733787,0.86953187,0.9214553,0.83955294,0.56074923,0.08190234,416.03854,416.12045,0.10384689,43.029285,0.60269153,0.60269153,0.60269153,8.53974e-06,8.53974e-06,8.53974e-06,1.1123313,1.0517312,1.0048926,4.3390733e-06,7.410093e-06,2.6638909e-05,0
237,416.96,427.99,407.22,419.0,0.13818064,11973845.0,417.4,1.0,0.0,0.032405794,0.037983295,0.042961814,0.25290263,0.14412816,0.3236463,0.9686396,0.8748926,0.9217661,0.8354654,0.5702864,0.086300716,418.07825,418.16452,0.09374702,40.735714,0.6046947,0.6046947,0.6046947,8.498162e-06,8.498162e-06,8.498162e-06,1.1023139,1.0391911,0.9747487,4.3179475e-06,7.3740152e-06,2.6509211e-05,0
238,419.35,423.99,412.0,418.24,0.10861219,9458908.0,419.49,1.0,0.0,0.0,0.028440608,0.030941565,0.24219157,0.14305112,0.31747022,0.9715594,0.8823881,0.92697376,0.83698356,0.5874857,0.0899902,417.31302,417.403,0.08917129,38.30857,0.6107808,0.6107808,0.6107808,8.513604e-06,8.513604e-06,8.513604e-06,1.0997261,1.0336993,1.0336993,4.3257937e-06,7.387415e-06,7.387415e-06,1
239,418.59,432.87,381.47,430.69,0.122278325,10772300.0,424.34,-1.0,0.0,0.0,0.04663447,0.048303884,0.25517613,0.1686856,0.33240834,0.9486057,0.86468226,0.906644,0.8127888,0.6270636,0.09385521,429.78336,429.8772,0.083923474,37.34357,0.59800786,0.59800786,0.59800786,8.267501e-06,8.267501e-06,8.267501e-06,1.0634966,0.99670184,0.99670184,4.2007478e-06,7.173866e-06,7.173866e-06,1
240,430.18,452.19,377.87,451.92,0.14088821,12855428.0,439.5,1.0,0.0,0.24585351,0.07918437,0.084853515,0.2814538,0.20814502,0.35907584,0.91770667,0.8428704,0.88028854,0.7746061,0.62586296,0.105682425,451.0397,451.1454,0.074836254,38.090714,0.5746069,0.5746069,0.5746069,7.879115e-06,7.879115e-06,7.879115e-06,1.0093229,0.9578465,0.9578465,4.003408e-06,6.1906135e-06,6.1906135e-06,0
241,451.92,470.02,435.0,448.37,0.18574142,17554758.0,455.23,1.0,0.0,0.12526397,0.058304526,0.070479736,0.26639917,0.2035821,0.34903362,0.9256418,0.8712113,0.89842653,0.7807391,0.6917947,0.117687404,447.4716,447.58926,0.054430492,36.318573,0.58392435,0.58392435,0.58392435,7.941499e-06,7.941499e-06,7.941499e-06,1.013085,1.013085,1.013085,4.035105e-06,4.035105e-06,4.035105e-06,1
242,448.43,463.97,438.59,458.07,0.12798843,11934166.0,449.12,-1.0,0.0,0.20281197,0.07524614,0.088833585,0.27264655,0.22436397,0.35799637,0.92550266,0.86886287,0.89718276,0.76420635,0.8372738,0.1329764,457.17282,457.3058,0.056639817,35.216427,0.5762647,0.5762647,0.5762647,7.773331e-06,7.773331e-06,7.773331e-06,1.0260878,1.0260878,1.0260878,3.582657e-06,3.582657e-06,3.582657e-06,0
243,458.97,464.79,447.38,455.57,0.10424058,9846820.0,454.98,1.0,0.0,1.0,0.06424479,0.08424281,0.25898325,0.22447702,0.3495204,0.93058145,0.838532,0.8845567,0.7684,0.73095244,0.11615668,454.68546,454.8016,0.09204952,34.012142,0.5841972,0.5841972,0.5841972,7.815988e-06,7.815988e-06,7.815988e-06,1.2980587,1.0280569,1.0280569,1.0736743e-06,3.3893916e-06,3.3893916e-06,0
244,456.3,458.08,435.03,443.31,0.107047774,9988792.0,449.43,-1.0,0.0,0.9858388,0.025792334,0.05461077,0.22840856,0.2055336,0.32647786,0.95631725,0.87976813,0.91804266,0.78965056,0.7365049,0.1283921,442.39197,442.52036,0.07654914,33.314285,0.60529596,0.60529596,0.60529596,8.032144e-06,8.032144e-06,8.032144e-06,1.0527388,1.0527388,1.0527388,3.483127e-06,3.483127e-06,3.483127e-06,1
245,442.72,529.08,435.0,519.41,0.19402012,18859808.0,468.18,-1.0,1.0,1.0,0.16228606,0.19218248,0.3330498,0.32478178,0.4209739,0.8162049,0.756647,0.78642595,0.673957,0.68722206,0.11246896,518.6236,518.736,0.05955796,33.39857,0.5208657,0.5208657,0.5208657,6.8553354e-06,6.8553354e-06,6.8553354e-06,0.8953106,0.8953106,0.8953106,2.972806e-06,2.972806e-06,2.972806e-06,1
246,522.13,588.71,485.0,573.8,0.24455523,27447332.0,540.55,1.0,0.0,0.951809,0.2224573,0.26260543,0.3862391,0.39000767,0.4714106,0.7903015,0.76483095,0.77756625,0.6336703,0.6761938,0.14389595,573.02246,573.1663,0.025470547,36.306427,0.47537488,0.47537488,0.47537488,6.205524e-06,6.205524e-06,6.205524e-06,0.9220634,0.9220634,0.9220634,1.6773694e-06,1.6773694e-06,1.6773694e-06,1
247,573.5,611.0,563.0,610.0,0.14966792,18003682.0,579.35,1.0,0.0,0.73227876,0.24288853,0.2910467,0.4118741,0.42712852,0.4981622,0.7922787,0.77107376,0.78167623,0.64494264,0.7150656,0.1367336,609.2183,609.35504,0.021204919,40.934284,0.45084542,0.45084542,0.45084542,5.837262e-06,5.837262e-06,5.837262e-06,0.9650984,0.9650984,0.9650984,6.2955843e-07,6.2955843e-07,6.2955843e-07,1
248,610.0,778.85,603.21,754.83,0.41598856,60801424.0,703.93,1.0,0.0,0.9102799,0.36285257,0.41226304,0.5152119,0.53741825,0.5904851,0.6550283,0.63789195,0.6464601,0.53596175,0.6117934,0.11049839,754.18353,754.29407,0.01713631,40.149284,0.36734074,0.36734074,0.36734074,4.7172607e-06,4.7172607e-06,4.7172607e-06,0.8094538,0.8094538,0.8094538,2.5794964e-07,2.5794964e-07,2.5794964e-07,0
249,753.47,764.93,1.5,659.86,0.5161757,69848910.0,651.69,1.0,0.0,1.0,0.22014216,0.2989407,0.43044707,0.46892887,0.52591366,0.8764889,0.8568863,0.86668766,0.7402858,0.63254327,0.12640181,658.9933,659.1197,0.019602643,50.637856,0.42366946,0.42366946,0.42366946,5.39619e-06,5.39619e-06,5.39619e-06,1.1803261,1.1803261,1.1803261,-0.00015974996,-0.00015974996,-0.00015974996,1
250,658.8,704.93,608.64,702.48,0.23373681,31571448.0,650.47,-1.0,0.0,1.0,0.23483373,0.32122692,0.45451885,0.50024354,0.55005544,0.55542505,0.55542505,0.55542505,0.55542505,0.6171706,0.0,701.92456,701.92456,0.0,104.05,0.0021352922,0.0021352922,0.0021352922,-0.0037074042,-0.0037074042,-0.0037074042,0.86977565,0.75316024,0.5209392,-0.00015005782,-4.4499393e-05,-5.6976834e-05,0
251,702.48,704.99,605.5,647.78,0.2107321,28588840.0,653.31,1.0,0.0,1.0,0.13154158,0.23986693,0.39531416,0.4563003,0.5067154,0.6023264,0.6023264,0.6023264,0.6023264,0.6928896,0.0,647.1777,647.1777,0.0,110.035,0.9311958,0.9311958,0.9311958,-0.0040204655,-0.0040204655,-0.0040204655,0.73994774,0.7600355,0.61301225,-0.00016272903,-4.825702e-05,-3.847746e-05,1
252,647.78,678.0,636.8,662.45,0.11295348,15436231.0,658.09,-1.0,0.0,0.67205125,0.12067175,0.24061212,0.3978664,0.46743768,0.51283276,0.5889878,0.5889878,0.5889878,0.5889878,0.5840592,0.0,661.861,661.861,0.0,115.65786,366.17838,366.17838,366.17838,-0.003931432,-0.003931432,-0.003931432,0.5676268,0.6915895,0.59938604,-0.00015912538,-4.7188365e-05,-3.136378e-05,0
253,662.45,684.19,645.0,655.52,0.09993099,13825068.0,666.2,1.0,0.0,0.66324115,0.0801974,0.21493547,0.379838,0.45966455,0.5027184,0.5952145,0.5952145,0.5952145,0.5952145,0.5894557,0.0,654.9248,654.9248,0.0,117.744286,148811.72,148811.72,148811.72,-0.003972994,-0.003972994,-0.003972994,0.45000508,0.6503627,0.62983537,-0.00016080763,-4.768723e-05,-2.3472827e-05,0
254,655.52,665.0,645.01,654.67,0.0674794,9163471.0,653.92,-1.0,0.0,0.5140678,0.048461057,0.19438802,0.36701667,0.45654163,0.49715766,0.5959873,0.5959873,0.5959873,0.5959873,0.57378525,0.0,654.07404,654.07404,0.0,116.87215,59920844.0,59920844.0,59920844.0,-0.0039781528,-0.0039781528,-0.0039781528,0.3534828,0.60598123,0.6249475,-0.00016101642,-4.7749145e-05,-2.131902e-05,0
255,654.02,654.71,465.28,589.48,0.32443607,38188188.0,566.8,-1.0,0.0,0.5239581,0.09262401,0.08461949,0.28367478,0.39383167,0.43610004,0.66189694,0.66189694,0.66189694,0.66189694,0.6368155,0.0,588.8181,588.8181,0.0,112.99143,26761384000.0,26761384000.0,26761384000.0,-0.004418093,-0.004418093,-0.004418093,0.30797046,0.626257,0.7140884,-0.00017882306,-5.3029675e-05,-1.8717117e-05,0
256,589.47,603.0,579.43,583.52,0.09711334,11891902.0,589.64,-1.0,0.0,0.1209938,0.11579209,0.059808575,0.2640715,0.3857604,0.42539552,0.6686575,0.6686575,0.6686575,0.6686575,0.67005414,0.0,582.8513,582.8513,0.0,124.02071,10871743000000.0,10871743000000.0,10871743000000.0,-0.0044632186,-0.0044632186,-0.0044632186,0.2440674,0.5887162,0.7327199,-0.00018064953,-5.357131e-05,-1.5856805e-05,0
257,583.54,583.92,552.3,577.88,0.14177565,16806226.0,570.8,-1.0,0.0,0.05509849,0.12836403,0.036221188,0.2446726,0.3779392,0.41484123,0.6751834,0.6751834,0.6751834,0.6751834,0.75211114,0.0,577.20483,577.20483,0.0,123.891426,4414632000000000.0,4414632000000000.0,4414632000000000.0,-0.004506779,-0.004506779,-0.004506779,0.19333713,0.55317706,0.8033184,-0.00018241264,-5.409416e-05,-8.934848e-06,0
258,577.7,585.95,564.81,568.31,0.11379633,13650035.0,577.58,-1.0,0.0,0.0,0.14171314,0.006013443,0.21990779,0.3644882,0.40000537,0.6743063,0.6865531,0.6804297,0.6865531,0.7585121,-0.0061234185,567.6296,567.6235,-0.012246837,124.906425,1.8051951e+18,1.8051951e+18,1.8051951e+18,-0.00458267,-0.00458267,-0.00458267,0.15422508,0.52342755,0.8435368,-0.00018548436,-5.500507e-05,-6.2806107e-06,1
259,567.51,598.64,566.8,595.01,0.10689386,12750924.0,574.37,-1.0,1.0,0.0,0.05913346,0.038006082,0.24370246,0.39020672,0.42224106,0.9834036,0.65574527,0.8195745,0.65574527,0.6719719,0.16382918,594.1904,594.35425,0.32765836,124.77,6.933659e+20,6.933659e+20,6.933659e+20,-0.0043770312,-0.0043770312,-0.0043770312,0.11555891,0.46521926,0.80289334,-0.00017716108,-5.253682e-05,-5.732187e-06,1
260,596.25,628.98,590.88,621.65,0.122721516,15572193.0,610.98,1.0,0.0,0.0,0.0033137617,0.06601464,0.26436934,0.41201463,0.44230017,0.9412612,0.6276442,0.7844527,0.6276442,0.66098285,0.1568085,620.86554,621.02234,0.313617,120.32429,2.6688124e+23,2.6688124e+23,2.6688124e+23,-0.004189459,-0.004189459,-0.004189459,0.08676991,0.41435835,0.752196,-0.00016956907,-5.0285424e-05,-6.163825e-06,0
261,621.65,628.99,594.63,604.1,0.106084265,13365892.0,606.65,1.0,0.0,0.0030436222,0.019081278,0.02483281,0.23015793,0.39063466,0.42104238,0.9513905,0.64587814,0.79863435,0.64587814,0.67710644,0.15275617,603.3014,603.4541,0.30551234,115.637856,1.1044153e+26,1.1044153e+26,1.1044153e+26,-0.004311169,-0.004311169,-0.004311169,0.07004766,0.39678317,0.7367108,-0.0001744953,-5.1746287e-05,-8.28952e-06,0
262,602.93,609.5,592.1,599.33,0.085247174,10626480.0,600.2,-1.0,0.0,0.0,0.019903893,0.0040795556,0.21184556,0.38222215,0.41149125,0.9589625,0.6510186,0.8049906,0.6510186,0.6957102,0.15397194,598.525,598.67896,0.30794388,114.663574,4.476644e+28,4.476644e+28,4.476644e+28,-0.0043454813,-0.0043454813,-0.0043454813,0.05538904,0.37216553,0.74256235,-0.0001758841,-5.215813e-05,-7.833997e-06,1
263,600.05,614.28,596.0,612.98,0.0828739,10397460.0,604.08,-1.0,0.0,0.0,0.013104832,0.0147345755,0.21785866,0.3918901,0.41980758,0.92195505,0.6365216,0.7792383,0.6365216,0.68354595,0.14271672,612.20074,612.3435,0.28543344,103.36072,1.7601493e+31,1.7601493e+31,1.7601493e+31,-0.004248715,-0.004248715,-0.004248715,0.04248454,0.33860698,0.74924296,-0.00017196746,-5.099666e-05,-5.8971664e-06,0
264,612.98,616.99,604.99,614.34,0.0769486,9748579.0,609.99,1.0,0.0,0.0,0.022214083,0.0041044047,0.20842661,0.3885438,0.4162035,0.9115392,0.63511246,0.77332586,0.63511246,0.68079567,0.13821337,613.56665,613.7049,0.27642673,50.135715,7.0625946e+33,7.0625946e+33,7.0625946e+33,-0.004239309,-0.004239309,-0.004239309,0.033254914,0.31439346,0.74176705,-0.00017158677,-5.0883766e-05,-5.8640194e-06,1
265,614.34,642.0,610.0,635.96,0.10194743,13343702.0,630.2,1.0,0.0,0.0,0.06179634,0.02451412,0.22491163,0.40510175,0.43132517,0.9287455,0.6135213,0.7711334,0.6135213,0.67722815,0.15761212,635.18884,635.3465,0.31522423,44.115,2.7435984e+36,2.7435984e+36,2.7435984e+36,-0.00409519,-0.00409519,-0.00409519,0.025201257,0.28261328,0.71340275,-0.00016575353,-4.915393e-05,-5.524742e-06,1
266,635.26,656.0,624.13,654.52,0.10541294,13912316.0,635.45,1.0,0.0,0.24177055,0.081299275,0.043272167,0.23693576,0.41801444,0.44269487,0.912348,0.5961239,0.7542359,0.5961239,0.6904602,0.15811205,653.76575,653.9239,0.3162241,39.294285,inf,inf,inf,-0.0039790645,-0.0039790645,-0.0039790645,0.019209517,0.2555286,0.66616946,-0.0001610533,-4.7760088e-05,-6.4179617e-06,1
267,654.52,717.99,640.0,711.13,0.15499242,21504082.0,668.0,1.0,0.0,0.07622447,0.14444898,0.113757685,0.29005864,0.46010548,0.48255038,0.8583592,0.54866904,0.7035141,0.54866904,0.63050354,0.1548451,710.4265,710.58136,0.3096902,38.627857,inf,inf,inf,-0.0036623082,-0.0036623082,-0.0036623082,0.013870042,0.2188535,0.6000533,-0.00014823255,-4.3958113e-05,-6.253126e-06,0
268,711.1,745.19,670.32,703.46,0.18615828,27450466.0,709.95,1.0,0.0,0.42304498,0.1161786,0.09690672,0.2715674,0.4494476,0.47194794,0.91319335,0.5546513,0.7339223,0.5546513,0.6511671,0.17927103,702.7261,702.90533,0.35854205,41.399284,inf,inf,inf,-0.0037022394,-0.0037022394,-0.0037022394,0.010999545,0.20587479,0.5542234,-0.00014984877,-4.4437398e-05,-8.567848e-06,0
269,703.33,740.86,697.92,702.28,0.15263422,22673694.0,715.2,-1.0,0.0,0.49094152,0.095449105,0.09904668,0.25960812,0.44383666,0.4661459,0.9512374,0.55558324,0.75341034,0.55558324,0.64870137,0.19782707,701.5266,701.7244,0.39565414,45.319286,0.9544911,0.9544911,0.9544911,0.00019861555,0.00019861555,0.00019861555,1.061101,1.061101,1.061101,1.3660367e-06,1.3660367e-06,1.3660367e-06,1
270,701.17,755.07,683.23,750.75,0.21069066,31573428.0,721.48,-1.0,1.0,0.80414885,0.13956045,0.15438895,0.2982098,0.4750736,0.49602798,0.890636,0.51971364,0.7051748,0.51971364,0.5904895,0.18546121,750.0448,750.2303,0.37092242,34.855713,0.9296304,0.9296304,0.9296304,0.00017766995,0.00017766995,0.00017766995,0.9904039,0.9904039,0.9904039,1.2778426e-06,1.2778426e-06,1.2778426e-06,0
271,750.09,753.82,714.0,729.91,0.13842025,21140532.0,735.28,1.0,0.0,0.9560631,0.09730652,0.12693894,0.26823306,0.4543463,0.47660142,0.92283297,0.5345522,0.7286926,0.5345522,0.7116083,0.19414037,729.18134,729.3754,0.38828075,38.30357,0.9360469,0.9360469,0.9360469,0.00017343793,0.00017343793,0.00017343793,1.03447,1.03447,1.03447,8.38622e-07,8.38622e-07,8.38622e-07,1
272,729.91,778.07,721.0,760.75,0.17736486,27432006.0,744.6,-1.0,0.0,1.0,0.117363125,0.15693395,0.29017627,0.47103187,0.4931371,0.8879855,0.51288205,0.7004338,0.51288205,0.75425565,0.18755175,760.04956,760.2371,0.3751035,38.889286,0.9385475,0.9385475,0.9385475,0.00015998607,0.00015998607,0.00015998607,0.9911357,0.9911357,0.9911357,8.0462513e-07,8.0462513e-07,8.0462513e-07,1
273,762.97,774.12,743.0,772.28,0.14596218,23058076.0,760.52,1.0,0.0,1.0,0.10963899,0.1631565,0.2930318,0.4727301,0.49590746,0.8954395,0.50522476,0.7003321,0.50522476,0.78986895,0.19510734,771.57965,771.7748,0.39021468,41.455715,0.93359923,0.93359923,0.93359923,0.000150984,0.000150984,0.000150984,1.0074973,1.0074973,1.0074973,2.3477758e-08,2.3477758e-08,2.3477758e-08,1
274,772.28,793.27,764.01,788.52,0.09813105,15851892.0,777.67,1.0,0.0,0.9288385,0.10777406,0.172988,0.29859078,0.47729048,0.50153923,0.8801743,0.4948194,0.68749684,0.4948194,0.9572744,0.19267742,787.8325,788.0252,0.38535485,41.404285,0.9422716,0.9422716,0.9422716,0.00014240273,0.00014240273,0.00014240273,0.98670614,0.98670614,0.98670614,2.299422e-08,2.299422e-08,2.299422e-08,1
275,788.3,920.0,780.0,892.61,0.26270872,46613000.0,854.18,1.0,0.0,1.0,0.19230571,0.26193073,0.37243074,0.5316485,0.55540335,0.7939638,0.44519442,0.6195791,0.44519442,0.7392478,0.17438467,891.9904,892.1648,0.34876934,40.772858,0.8559281,0.8559281,0.8559281,0.00012130753,0.00012130753,0.00012130753,0.8887084,0.8887084,0.8887084,-1.1889562e-05,-1.1889562e-05,-1.1889562e-05,1
276,892.61,980.74,859.0,966.3,0.2426878,47404830.0,940.33,1.0,0.0,0.9794137,0.22734037,0.3025308,0.4111042,0.5607064,0.58484244,0.80720276,0.71679604,0.76199937,0.4768188,0.7269792,0.2851806,965.538,965.8232,0.09040671,48.318573,0.80720276,0.80720276,0.80720276,0.000108104796,0.000108104796,0.000108104796,0.95208526,0.95208526,0.95208526,-6.661161e-05,-6.661161e-05,-6.661161e-05,0
277,966.34,1139.89,812.28,906.2,0.625836,127143430.0,977.98,1.0,0.0,0.98522145,0.14169168,0.23515394,0.35926086,0.5233024,0.5521657,0.9109799,0.79784817,0.85441405,0.5419554,0.7148312,0.3124586,905.3456,905.658,0.11313176,55.771427,0.94791436,0.94791436,0.94791436,0.00011271741,0.00011271741,0.00011271741,1.0822556,1.0822556,1.0822556,-3.06401e-05,-3.06401e-05,-3.06401e-05,0
278,906.2,941.81,751.34,818.27,0.46935967,81439660.0,835.22,-1.0,0.0,1.0,0.025619905,0.13290295,0.2777032,0.46379262,0.4987859,1.1140088,0.9808315,1.0474201,0.6974409,0.8095738,0.34997922,817.2226,817.5726,0.13317731,77.86643,0.99267966,0.99267966,0.99267966,0.00011931158,0.00011931158,0.00011931158,1.3930488,1.3930488,1.3930488,-7.981357e-05,-7.981357e-05,-7.981357e-05,1
279,819.52,928.0,808.0,921.98,0.27639514,50386916.0,877.48,-1.0,0.0,1.0,0.12277164,0.21688378,0.3493499,0.5180208,0.55098146,0.98869824,0.8705015,0.9295999,0.61898845,0.71099156,0.3106114,921.0504,921.361,0.1181967,90.61429,0.81492007,0.81492007,0.81492007,0.00010097254,0.00010097254,0.00010097254,1.0637324,0.8603983,0.7246983,-7.083565e-05,-4.9964674e-05,-2.021255e-05,0
280,921.98,937.74,881.48,918.6,0.17592043,33226282.0,909.08,1.0,0.0,0.79244554,0.09562704,0.1962051,0.3350553,0.5088821,0.5446587,1.0090845,0.87370455,0.9413945,0.62126607,0.71268237,0.32012847,917.6586,917.97876,0.13537993,96.9,0.8795994,0.8795994,0.8795994,9.91117e-05,9.91117e-05,9.91117e-05,0.918583,0.776655,0.7381891,-7.109629e-05,-5.014852e-05,-1.4832777e-05,1
281,918.6,1044.23,910.0,1033.18,0.22083575,45009524.0,980.99,-1.0,0.0,0.47165313,0.17967634,0.27097553,0.39858457,0.55690956,0.5911565,0.90056425,0.7768104,0.83868736,0.55236745,0.5705492,0.2863199,1032.3413,1032.6277,0.123753846,98.64214,0.85317177,0.85317177,0.85317177,8.645782e-05,8.645782e-05,8.645782e-05,0.70268357,0.62102944,0.6495067,-6.321169e-05,-4.4587032e-05,-1.1721322e-05,0
282,1033.72,1074.69,913.73,1012.4,0.31182948,65350536.0,1008.68,1.0,0.0,0.53079087,0.13288325,0.23482072,0.37441584,0.54034287,0.57835853,0.92991406,0.8357319,0.882823,0.5637051,0.576373,0.31911793,1011.51715,1011.8363,0.09418214,102.65929,0.8988542,0.8988542,0.8988542,8.590201e-05,8.590201e-05,8.590201e-05,0.61698496,0.56999314,0.59524226,-6.450914e-05,-4.5502202e-05,-1.6844717e-05,1
283,1011.01,1068.99,975.1,1056.4,0.16192597,34444676.0,1023.8,-1.0,1.0,0.3492919,0.14517796,0.24714029,0.3894661,0.55257404,0.5915622,0.8951297,0.80092293,0.84802634,0.5402262,0.54702765,0.30780008,1055.552,1055.8597,0.09420674,108.80857,0.86494696,0.86494696,0.86494696,7.98804e-05,7.98804e-05,7.98804e-05,0.50873226,0.49127755,0.5542816,-6.182228e-05,-4.3606993e-05,-1.5602776e-05,1
284,1056.4,1220.0,1039.07,1152.2,0.30606583,72519820.0,1140.36,1.0,0.0,0.416419,0.19159347,0.2904947,0.42883232,0.5828634,0.6214868,0.82070386,0.73975873,0.7802313,0.49530897,0.49323902,0.28492233,1151.4198,1151.7047,0.08094515,112.44786,0.84629405,0.84629405,0.84629405,7.180529e-05,7.180529e-05,7.180529e-05,0.4013107,0.40509886,0.51090544,-5.668205e-05,-3.9981278e-05,-1.249326e-05,1
285,1152.11,1298.0,1133.0,1260.0,0.20219195,51464936.0,1225.0,1.0,0.0,0.15189385,0.23189364,0.32985318,0.46593222,0.6114142,0.6498096,0.78227776,0.7090476,0.7456627,0.48472223,0.47223017,0.26094046,1259.2544,1259.5153,0.07323016,120.24,0.82465875,0.82465875,0.82465875,6.4411644e-05,6.4411644e-05,6.4411644e-05,0.96825397,0.96825397,0.96825397,-4.5544595e-05,-4.5544595e-05,-4.5544595e-05,0
286,1260.0,1350.0,975.0,1176.55,0.40230724,99403144.0,1189.11,1.0,0.0,0.22789565,0.14618759,0.2558013,0.41358668,0.57529974,0.6200954,0.8709107,0.80271983,0.83681524,0.5522502,0.52836686,0.28456503,1175.7131,1175.9978,0.068190895,129.18143,0.962985,0.962985,0.962985,6.795146e-05,6.795146e-05,6.795146e-05,1.1032256,1.1032256,1.1032256,-2.287609e-05,-2.287609e-05,-2.287609e-05,0
287,1176.58,1260.0,944.36,969.4,0.3578076,84566360.0,1137.39,-1.0,0.0,0.30394617,0.05795131,0.06984887,0.27260533,0.47484517,0.53343886,1.0838354,1.0017021,1.0427687,0.6970807,0.62316895,0.34568805,968.35724,968.70294,0.08213328,151.89072,1.0057768,1.0057768,1.0057768,7.842448e-05,7.842448e-05,7.842448e-05,1.392614,1.392614,1.392614,-1.7597562e-05,-1.7597562e-05,-1.7597562e-05,0
288,969.4,1117.9,891.33,956.02,0.38903818,81528580.0,1008.48,-1.0,0.0,0.46514663,0.079368636,0.04332336,0.25091064,0.45969215,0.52245885,1.1286374,1.0157214,1.0721794,0.7068367,0.6269011,0.36534277,954.9478,955.3132,0.112916045,172.21358,0.9878036,0.9878036,0.9878036,7.704767e-05,7.704767e-05,7.704767e-05,1.3577121,1.118167,0.94865817,-1.7843848e-05,-4.4089586e-05,-1.8670347e-05,1
289,956.02,1097.0,937.52,1083.94,0.29887038,63959600.0,1029.8,-1.0,0.0,0.1072102,0.035303615,0.14457442,0.3293909,0.51672226,0.57500035,1.0293374,0.89765114,0.9634943,0.6234201,0.565511,0.34007418,1082.9766,1083.3165,0.13168626,186.30714,0.8223057,0.8223057,0.8223057,6.561881e-05,6.561881e-05,6.561881e-05,1.151358,0.8949894,0.9430595,-1.5738025e-05,-3.88864e-05,-3.5849425e-06,1
290,1083.95,1202.0,1066.49,1184.03,0.23593828,55935324.0,1140.79,1.0,0.0,0.0,0.103173904,0.20076941,0.3750454,0.5503955,0.6068934,0.9464836,0.82556605,0.88602483,0.5707203,0.5188551,0.31530452,1183.1439,1183.4592,0.120917544,187.69858,0.79180425,0.79180425,0.79180425,5.903333e-05,5.903333e-05,5.903333e-05,1.0134302,0.7435495,0.8797878,-1.4407638e-05,-3.5599205e-05,-1.5811796e-06,0
291,1184.05,1229.0,1141.0,1173.45,0.16052085,39650804.0,1188.58,1.0,0.0,0.0,0.07246836,0.17510162,0.35693282,0.5383136,0.59876895,0.95501727,0.8351442,0.89508075,0.57586604,0.5419575,0.3192147,1172.5549,1172.8741,0.119873025,188.68214,0.90884995,0.90884995,0.90884995,5.9276234e-05,5.9276234e-05,5.9276234e-05,0.9831796,0.68085945,0.81017387,-1.453754e-05,-3.592017e-05,-6.200377e-06,1
292,1171.0,1252.32,1150.0,1233.2,0.1586084,39856050.0,1209.12,-1.0,1.0,0.025403133,0.1060339,0.19708563,0.37633085,0.55307835,0.6138544,0.9087455,0.8004095,0.85457754,0.54796463,0.53074926,0.30661288,1232.3455,1232.652,0.10833604,171.56714,0.92523515,0.92523515,0.92523515,5.5627526e-05,5.5627526e-05,5.5627526e-05,0.8995077,0.5879468,0.75398356,-1.3833179e-05,-3.4179797e-05,-6.1403503e-06,1
293,1231.85,1347.02,1223.42,1333.0,0.18497282,49844624.0,1296.6,1.0,0.0,0.08573314,0.15639985,0.2394775,0.4113943,0.5790711,0.63851404,0.8407089,0.7464366,0.7935728,0.50693923,0.5334809,0.28663352,1332.2064,1332.493,0.094272316,165.27072,0.86271566,0.86271566,0.86271566,5.0325485e-05,5.0325485e-05,5.0325485e-05,0.800109,0.49361786,0.6845447,-1.2797506e-05,-3.16208e-05,-5.7299053e-06,1
294,1336.77,1623.01,1315.68,1558.02,0.3617938,112410376.0,1494.97,1.0,0.0,0.2204293,0.2604851,0.33132276,0.4851414,0.6327986,0.68673,0.71928793,0.6483614,0.68382466,0.43372357,0.45150897,0.2501011,1557.3362,1557.5863,0.07092656,165.52786,0.78524023,0.78524023,0.78524023,4.2470634e-05,4.2470634e-05,4.2470634e-05,0.6581838,0.3832635,0.5445029,-1.0949202e-05,-2.7053906e-05,-6.4441024e-06,1
295,1554.04,1892.0,1525.0,1776.89,0.46833637,165551840.0,1700.78,1.0,0.0,0.52051324,0.32873672,0.39203468,0.5360128,0.6705269,0.7211199,0.7075114,0.6489541,0.6782327,0.4571217,0.39522988,0.22111104,1776.2118,1776.4329,0.05855737,183.46143,0.7404398,0.7404398,0.7404398,3.6806618e-05,3.6806618e-05,3.6806618e-05,0.9133993,0.9133993,0.9133993,-4.5555524e-05,-4.5555524e-05,-4.5555524e-05,1
296,1776.8,2021.0,1641.22,2013.99,0.4370284,164624620.0,1812.34,1.0,0.0,0.53961825,0.38209724,0.44165486,0.57814896,0.70164204,0.7497677,0.690999,0.63933533,0.66516715,0.47008675,0.37276748,0.19508041,2013.3248,2013.5199,0.051663615,200.08786,0.75720334,0.75720334,0.75720334,3.245967e-05,3.245967e-05,3.245967e-05,0.9394287,0.9394287,0.9394287,-3.3068653e-05,-3.3068653e-05,-3.3068653e-05,1
297,2013.99,2760.1,1850.0,2042.0,0.70666707,335713100.0,2285.54,1.0,0.0,0.77043,0.3495622,0.42366013,0.56982976,0.6970704,0.7484769,0.7131072,0.66968656,0.6913969,0.49522528,0.35744858,0.19617164,2041.3086,2041.5048,0.043420665,215.71785,0.8037316,0.8037316,0.8037316,3.166561e-05,3.166561e-05,3.166561e-05,0.989716,0.989716,0.989716,-1.4028003e-05,-1.4028003e-05,-1.4028003e-05,1
298,2042.89,2584.34,2041.48,2540.94,0.477765,230799860.0,2323.95,1.0,0.0,0.8682613,0.4350697,0.5144805,0.64302677,0.74950606,0.79402137,0.7276087,0.6850024,0.70630556,0.5434209,0.29939708,0.16288461,2540.2336,2540.3965,0.04260628,274.0186,0.728077,0.728077,0.728077,2.534397e-05,2.534397e-05,2.534397e-05,1.0862515,1.0862515,1.0862515,-5.3271036e-05,-5.3271036e-05,-5.3271036e-05,1
299,2538.1,2933.0,2460.0,2899.99,0.45984945,263203060.0,2753.35,1.0,0.0,1.0,0.45036155,0.5448917,0.67490584,0.77265525,0.81530756,0.65975916,0.60398483,0.631872,0.47613958,0.26630437,0.15573244,2899.3582,2899.514,0.05577433,299.87073,0.7039611,0.7039611,0.7039611,2.2053939e-05,2.2053939e-05,2.2053939e-05,0.69689894,0.55966055,0.35147646,-4.667551e-05,-1.6421629e-05,-1.7416307e-05,0
300,2899.01,2980.0,2120.0,2630.0,0.7014128,373376200.0,2560.59,1.0,0.0,1.0,0.32488555,0.46056655,0.6244972,0.73939884,0.7910119,0.7745247,0.7004449,0.7374848,0.55788976,0.2998175,0.17959505,2629.2625,2629.4421,0.07407985,321.87073,0.89938486,0.89938486,0.89938486,2.4317947e-05,2.4317947e-05,2.4317947e-05,1.1152091,1.1152091,1.1152091,-2.0898256e-05,-2.0898256e-05,-2.0898256e-05,0
301,2630.06,2789.0,2460.62,2557.66,0.4037008,222127230.0,2646.55,-1.0,0.0,1.0,0.24925596,0.41185302,0.59880406,0.7228275,0.78015447,0.8073786,0.7294441,0.76841134,0.582857,0.3489948,0.18555437,2556.8916,2557.0771,0.07793452,356.51358,0.82888263,0.82888263,0.82888263,2.4150788e-05,2.4150788e-05,2.4150788e-05,1.1651275,1.1651275,1.1651275,-2.699421e-06,-2.699421e-06,-2.699421e-06,0
302,2557.66,2635.72,2291.0,2412.41,0.43078268,221696800.0,2475.26,-1.0,0.0,1.0,0.14667532,0.34484437,0.55881447,0.696734,0.76184285,0.87120765,0.7733636,0.8222856,0.7140743,0.4005538,0.108211294,2411.5876,2411.696,0.097844064,357.42358,1.0131044,1.0131044,1.0131044,2.5604893e-05,2.5604893e-05,2.5604893e-05,1.2157967,1.1441256,1.4885875,-2.8619518e-06,-5.469063e-06,1.1845071e-05,1
303,2421.3,2639.47,2374.34,2550.07,0.3077199,162642460.0,2542.03,-1.0,0.0,0.7979719,0.14649794,0.3527611,0.5689061,0.70474374,0.77022016,0.8422671,0.7316152,0.7869412,0.67552656,0.3553628,0.11141459,2549.283,2549.3945,0.110651866,365.86285,0.8984067,0.8984067,0.8984067,2.3557872e-05,2.3557872e-05,2.3557872e-05,1.1320243,1.0499753,1.5040025,-2.7074555e-06,-5.173828e-06,1.12056405e-05,0
304,2550.13,2564.65,1967.65,1970.51,0.4483286,213626580.0,2291.65,1.0,-1.0,0.9388105,0.16629553,0.124496706,0.42288515,0.6062933,0.69647175,1.143105,0.9467955,1.0449502,0.87421024,0.415258,0.17074007,1969.4651,1969.6357,0.19630958,373.40927,1.2049367,1.2049367,1.2049367,3.0067904e-05,3.0067904e-05,3.0067904e-05,1.4418664,1.318132,2.0787256,-3.5037635e-06,-6.695537e-06,1.4501407e-05,1
305,1970.51,2938.0,1830.0,2832.71,0.7635013,373650600.0,2353.57,-1.0,0.0,0.78343546,0.17413148,0.3765322,0.5892529,0.72009367,0.7855991,0.81568885,0.66861767,0.7421533,0.6081244,0.32547632,0.1340289,2831.9678,2832.1018,0.14707118,406.37286,0.6946175,0.6946175,0.6946175,2.001204e-05,2.001204e-05,2.001204e-05,0.98718226,0.88949156,1.5443611,-2.437313e-06,-4.6575974e-06,1.0087572e-05,0
306,2824.82,2855.0,2400.0,2680.56,0.46512046,255392220.0,2640.47,1.0,0.0,0.72225195,0.087866716,0.31180835,0.54920167,0.6945002,0.768376,0.8972006,0.72027487,0.80873775,0.64264184,0.34268957,0.1660959,2679.7512,2679.9172,0.17692572,479.23,0.6826932,0.6826932,0.6826932,2.0560468e-05,2.0560468e-05,2.0560468e-05,1.0267619,0.9118529,1.743013,-2.5756563e-06,-4.9219652e-06,1.0660148e-05,1
307,2681.6,3339.66,2569.69,3263.62,0.362569,214100420.0,2839.53,-1.0,0.0,0.07389068,0.23039907,0.41171476,0.61688775,0.741572,0.8058438,0.7369118,0.59310365,0.6650077,0.5278311,0.31657484,0.13717666,3262.955,3263.0923,0.1438081,504.42142,0.6365977,0.6365977,0.6365977,1.688725e-05,1.688725e-05,1.688725e-05,0.83002555,0.726536,1.5289798,-2.115504e-06,-4.0426344e-06,8.755666e-06,1
308,3263.51,3934.0,3146.1,3855.1,0.39177558,280396060.0,3441.43,1.0,0.0,0.34881222,0.31678894,0.47221848,0.6617344,0.7733675,0.8315571,0.6704962,0.5487523,0.60962427,0.5047807,0.26261315,0.10484359,3854.4905,3854.5952,0.121743925,550.5907,0.6118466,0.6118466,0.6118466,1.42962745e-05,1.42962745e-05,1.42962745e-05,0.8662966,0.8662966,0.8662966,-1.7663911e-05,-1.7663911e-05,-1.7663911e-05,1
309,3855.04,4480.0,3800.0,4099.55,0.55616105,479411330.0,4144.72,1.0,0.0,0.226957,0.32547158,0.4683308,0.66586983,0.7780503,0.8370553,0.703004,0.58851945,0.6457617,0.5471698,0.25768682,0.098591916,4098.9043,4099.003,0.11448452,584.9171,0.65321416,0.65321416,0.65321416,1.344381e-05,1.344381e-05,1.344381e-05,0.9596175,0.9596175,0.9596175,-1.7351198e-05,-1.7351198e-05,-1.7351198e-05,1
310,4091.99,4449.98,3600.0,4333.38,0.39216065,333887200.0,4093.55,1.0,0.0,0.3822358,0.3341874,0.46222463,0.6677249,0.7810971,0.8413092,0.72806907,0.6197622,0.6739156,0.5820872,0.26588944,0.091828436,4332.706,4332.798,0.10830691,607.2743,0.70158225,0.70158225,0.70158225,1.27183785e-05,1.27183785e-05,1.27183785e-05,1.033835,1.033835,1.033835,-1.3025319e-05,-1.3025319e-05,-1.3025319e-05,1
311,4333.38,4979.9,4169.01,4599.9,0.35806987,342741470.0,4602.01,1.0,0.0,0.47599825,0.33573404,0.45915073,0.6708388,0.7848681,0.8459887,0.6858845,0.5838529,0.6348687,0.54857713,0.273919,0.08629155,4599.265,4599.3516,0.102031566,640.86,0.7503615,0.7503615,0.7503615,1.1981471e-05,1.1981471e-05,1.1981471e-05,0.855236,0.62066567,0.39820415,-1.2270627e-05,-1.5133834e-05,-1.0475877e-05,0
312,4599.9,4700.0,4001.93,4308.72,0.5612212,511350000.0,4380.44,1.0,0.0,0.4811118,0.24344562,0.38283876,0.6300468,0.7602084,0.8304805,0.7902463,0.68131953,0.7357829,0.64645416,0.27306253,0.089328736,4307.9844,4308.0737,0.10892678,633.77356,0.9094613,0.9094613,0.9094613,1.279117e-05,1.279117e-05,1.279117e-05,1.1557724,1.1557724,1.1557724,-1.1340389e-05,-1.1340389e-05,-1.1340389e-05,0
313,4322.44,4377.65,2972.01,3678.93,0.9307272,714150400.0,3688.73,-1.0,0.0,0.486311,0.06238716,0.23538882,0.5465495,0.7081149,0.7960686,0.9255273,0.7979535,0.86174035,0.7572854,0.26350054,0.104454964,3678.0684,3678.1726,0.12757377,644.86,1.0877973,1.0877973,1.0877973,1.4782499e-05,1.4782499e-05,1.4782499e-05,1.2095854,1.0693326,0.89505416,-1.3281732e-05,-7.2743574e-06,-5.250406e-06,1
314,3669.07,4122.7,3463.0,3779.17,0.4756603,375790600.0,3797.69,-1.0,0.0,0.51588684,0.057386145,0.224632,0.5423515,0.7068368,0.79718524,0.90097827,0.7767883,0.8388833,0.7371989,0.2529709,0.10168436,3778.331,3778.4329,0.124189965,711.4772,0.78641874,0.78641874,0.78641874,1.3631296e-05,1.3631296e-05,1.3631296e-05,1.0522019,0.9787597,0.93547297,-1.2929443e-05,-7.08141e-06,-2.4559192e-06,1
