,EWA US Equity,EWC US Equity,cash,total,benchmark
2016-01-04,0,0,50000.0,50000.0,0
2016-01-05,-20004.120000000003,21090.0,48914.119999999995,49999.99999999999,0
2016-01-06,-19428.54,20630.0,48914.119999999995,50115.579999999994,0
2016-01-07,-18603.18,20140.0,48914.119999999995,50450.939999999995,0
2016-01-08,-18331.68,20050.0,48914.119999999995,50632.439999999995,0
2016-01-11,18704.98,-19780.0,51285.42,50210.399999999994,0
2016-01-12,18814.88,-19820.0,51285.42,50280.3,0
2016-01-13,18485.18,-19380.0,51285.42,50390.6,0
2016-01-14,18869.83,-19630.0,51285.42,50525.25,0
2016-01-15,-17875.0,18970.0,49079.17,50174.17,0
2016-01-19,17821.440000000002,-18890.0,50733.729999999996,49665.17,0
2016-01-20,17757.179999999997,-18650.0,50733.729999999996,49840.90999999999,0
2016-01-21,-18150.6,19250.0,48484.229999999996,49583.63,0
2016-01-22,-18483.54,20010.0,48484.229999999996,50010.689999999995,0
2016-01-25,18396.84,-19480.0,50853.829999999994,49770.67,0
2016-01-26,0.0,0.0,49589.91,49589.91,0
2016-01-27,-18969.9,20060.0,48499.81,49589.909999999996,0
2016-01-28,-19313.112,20540.0,48499.81,49726.698,0
2016-01-29,-19580.4,20910.0,48499.81,49829.409999999996,0
2016-02-01,0.0,0.0,49696.11,49696.11,0
2016-02-02,0.0,0.0,49696.11,49696.11,0
2016-02-03,-19796.350000000002,20900.0,48592.46000000001,49696.11,0
2016-02-04,-20138.649999999998,21260.0,48592.46000000001,49713.81000000001,0
2016-02-05,-19613.79,20980.0,48592.46000000001,49958.670000000006,0
2016-02-08,19505.120000000003,-20580.0,50656.37,49581.490000000005,0
2016-02-09,19130.24,-20200.0,50656.37,49586.61,0
2016-02-10,19062.08,-19990.0,50656.37,49728.450000000004,0
2016-02-11,18993.92,-19800.0,50656.37,49850.29,0
2016-02-12,-19311.600000000002,20410.0,48391.81,49490.20999999999,0
2016-02-16,0.0,0.0,49367.009999999995,49367.009999999995,0
2016-02-17,-20451.2,21550.0,48268.20999999999,49367.009999999995,0
2016-02-18,0.0,0.0,49287.28999999999,49287.28999999999,0
2016-02-19,20210.14,-21300.0,50377.149999999994,49287.28999999999,0
2016-02-22,20772.17,-21450.0,50377.149999999994,49699.31999999999,0
2016-02-23,0.0,0.0,49579.34,49579.34,0
2016-02-24,-20129.1,21230.0,48478.44,49579.340000000004,0
2016-02-25,-20152.0,21490.0,48478.44,49816.44,0
2016-02-26,-19808.5,21630.0,48478.44,50299.94,0
2016-02-29,-19785.600000000002,21630.0,48478.44,50322.84,0
2016-03-01,21015.52,-22110.0,51256.12,50161.64,0
2016-03-02,21628.079999999998,-22150.0,51256.12,50734.2,0
2016-03-03,22052.16,-22390.0,51256.12,50918.28,0
2016-03-04,22440.9,-22620.0,51256.12,51077.020000000004,0
2016-03-07,0.0,0.0,50975.08,50975.08,0
2016-03-08,0.0,0.0,50975.08,50975.08,0
2016-03-09,0.0,0.0,50975.08,50975.08,0
2016-03-10,0.0,0.0,50975.08,50975.08,0
2016-03-11,0.0,0.0,50975.08,50975.08,0
2016-03-14,0.0,0.0,50975.08,50975.08,0
2016-03-15,-21892.36,22990.0,49877.44,50975.08,0
2016-03-16,-22397.480000000003,23490.0,49877.44,50969.96,0
2016-03-17,0.0,0.0,50936.32,50936.32,0
2016-03-18,0.0,0.0,50936.32,50936.32,0
2016-03-21,0.0,0.0,50936.32,50936.32,0
2016-03-22,0.0,0.0,50936.32,50936.32,0
2016-03-23,0.0,0.0,50936.32,50936.32,0
2016-03-24,0.0,0.0,50936.32,50936.32,0
2016-03-28,0.0,0.0,50936.32,50936.32,0
2016-03-29,-22356.879999999997,23470.0,49823.2,50936.32,0
2016-03-30,-22461.46,23800.0,49823.2,51161.74,0
2016-03-31,0.0,0.0,51083.36,51083.36,0
2016-04-01,0.0,0.0,51083.36,51083.36,0
2016-04-04,0.0,0.0,51083.36,51083.36,0
2016-04-05,-21969.6,23080.0,49972.95999999999,51083.35999999999,0
2016-04-06,22184.0,-23280.0,51901.75999999999,50805.75999999999,0
2016-04-07,-21907.9,23020.0,49493.45999999999,50605.55999999999,0
2016-04-08,-22133.048,23500.0,49493.45999999999,50860.412,0
2016-04-11,-22145.899999999998,23720.0,49493.45999999999,51067.56,0
2016-04-12,0.0,0.0,50937.359999999986,50937.359999999986,0
2016-04-13,23290.55,-24380.0,52026.80999999998,50937.359999999986,0
2016-04-14,23529.550000000003,-24320.0,52026.80999999998,51236.359999999986,0
2016-04-15,23756.6,-24240.0,52026.80999999998,51543.40999999998,0
2016-04-18,24055.35,-24450.0,52026.80999999998,51632.15999999998,0
2016-04-19,0.0,0.0,51472.609999999986,51472.609999999986,0
2016-04-20,0.0,0.0,51472.609999999986,51472.609999999986,0
2016-04-21,0.0,0.0,51472.609999999986,51472.609999999986,0
2016-04-22,-23947.320000000003,25060.0,50359.92999999999,51472.609999999986,0
2016-04-25,0.0,0.0,51432.62999999999,51432.62999999999,0
2016-04-26,0.0,0.0,51432.62999999999,51432.62999999999,0
2016-04-27,-24049.34,25180.0,50301.96999999999,51432.62999999999,0
2016-04-28,-24122.18,25260.0,50301.96999999999,51439.789999999986,0
2016-04-29,-24195.02,25400.0,50301.96999999999,51506.94999999998,0
2016-05-02,24156.239999999998,-25250.0,52268.60999999999,51174.84999999999,0
2016-05-03,23855.489999999998,-24630.0,52268.60999999999,51494.09999999999,0
2016-05-04,23482.559999999998,-24160.0,52268.60999999999,51591.16999999999,0
2016-05-05,23470.530000000002,-24150.0,52268.60999999999,51589.14,0
2016-05-06,0.0,0.0,51511.01999999999,51511.01999999999,0
2016-05-09,22701.64,-23800.0,52609.37999999999,51511.01999999999,0
2016-05-10,23205.600000000002,-24240.0,52609.37999999999,51574.979999999996,0
2016-05-11,0.0,0.0,51392.93999999999,51392.93999999999,0
2016-05-12,0.0,0.0,51392.93999999999,51392.93999999999,0
2016-05-13,0.0,0.0,51392.93999999999,51392.93999999999,0
2016-05-16,0.0,0.0,51392.93999999999,51392.93999999999,0
2016-05-17,0.0,0.0,51392.93999999999,51392.93999999999,0
2016-05-18,0.0,0.0,51392.93999999999,51392.93999999999,0
2016-05-19,0.0,0.0,51392.93999999999,51392.93999999999,0
2016-05-20,0.0,0.0,51392.93999999999,51392.93999999999,0
2016-05-23,0.0,0.0,51392.93999999999,51392.93999999999,0
2016-05-24,0.0,0.0,51392.93999999999,51392.93999999999,0
2016-05-25,-23485.449999999997,24610.0,50268.389999999985,51392.93999999999,0
2016-05-26,-23569.8,24728.5,50268.389999999985,51427.08999999998,0
2016-05-27,0.0,0.0,51404.48999999999,51404.48999999999,0
2016-05-31,0.0,0.0,51404.48999999999,51404.48999999999,0
2016-06-01,0.0,0.0,51404.48999999999,51404.48999999999,0
2016-06-02,-23490.13,24610.0,50284.619999999995,51404.48999999999,0
2016-06-03,0.0,0.0,51393.45999999999,51393.45999999999,0
2016-06-06,0.0,0.0,51393.45999999999,51393.45999999999,0
2016-06-07,0.0,0.0,51393.45999999999,51393.45999999999,0
2016-06-08,0.0,0.0,51393.45999999999,51393.45999999999,0
2016-06-09,0.0,0.0,51393.45999999999,51393.45999999999,0
2016-06-10,0.0,0.0,51393.45999999999,51393.45999999999,0
2016-06-13,0.0,0.0,51393.45999999999,51393.45999999999,0
2016-06-14,0.0,0.0,51393.45999999999,51393.45999999999,0
2016-06-15,0.0,0.0,51393.45999999999,51393.45999999999,0
2016-06-16,0.0,0.0,51393.45999999999,51393.45999999999,0
2016-06-17,0.0,0.0,51393.45999999999,51393.45999999999,0
2016-06-20,23821.44,-24920.0,52492.01999999999,51393.45999999999,0
2016-06-21,23991.68,-24940.0,52492.01999999999,51543.69999999999,0
2016-06-22,0.0,0.0,51505.37999999999,51505.37999999999,0
2016-06-23,23940.0,-25050.0,52615.37999999999,51505.37999999999,0
2016-06-24,-23006.72,24140.0,49989.34,51122.619999999995,0
2016-06-27,-22325.76,23620.0,49989.34,51283.58,0
2016-06-28,22863.68,-23980.0,52127.58,51011.26,0
2016-06-29,0.0,0.0,50911.899999999994,50911.899999999994,0
2016-06-30,23398.35,-24510.0,52023.549999999996,50911.899999999994,0
2016-07-01,-23702.02,24830.0,49572.19,50700.17,0
2016-07-05,-23228.949999999997,24580.0,49572.19,50923.240000000005,0
2016-07-06,0.0,0.0,50794.25,50794.25,0
2016-07-07,0.0,0.0,50794.25,50794.25,0
2016-07-08,23514.030000000002,-24640.0,51920.22,50794.25,0
2016-07-11,23752.63,-24660.0,51920.22,51012.850000000006,0
2016-07-12,24182.11,-25070.0,51920.22,51032.33,0
2016-07-13,0.0,0.0,50916.54000000001,50916.54000000001,0
2016-07-14,0.0,0.0,50916.54000000001,50916.54000000001,0
2016-07-15,0.0,0.0,50916.54000000001,50916.54000000001,0
2016-07-18,0.0,0.0,50916.54000000001,50916.54000000001,0
2016-07-19,0.0,0.0,50916.54000000001,50916.54000000001,0
2016-07-20,0.0,0.0,50916.54000000001,50916.54000000001,0
2016-07-21,0.0,0.0,50916.54000000001,50916.54000000001,0
2016-07-22,0.0,0.0,50916.54000000001,50916.54000000001,0
2016-07-25,23661.18,-24790.0,52045.36000000001,50916.54000000001,0
2016-07-26,23858.55,-24960.0,52045.36000000001,50943.91,0
2016-07-27,0.0,0.0,50942.3,50942.3,0
2016-07-28,0.0,0.0,50942.3,50942.3,0
2016-07-29,0.0,0.0,50942.3,50942.3,0
2016-08-01,0.0,0.0,50942.3,50942.3,0
2016-08-02,0.0,0.0,50942.3,50942.3,0
2016-08-03,-23952.399999999998,25100.0,49794.7,50942.3,0
2016-08-04,0.0,0.0,50855.799999999996,50855.799999999996,0
2016-08-05,0.0,0.0,50855.799999999996,50855.799999999996,0
2016-08-08,0.0,0.0,50855.799999999996,50855.799999999996,0
2016-08-09,0.0,0.0,50855.799999999996,50855.799999999996,0
2016-08-10,0.0,0.0,50855.799999999996,50855.799999999996,0
2016-08-11,-24687.0,25820.0,49722.79999999999,50855.79999999999,0
2016-08-12,-24406.2,25730.0,49722.79999999999,51046.59999999999,0
2016-08-15,0.0,0.0,51012.79999999999,51012.79999999999,0
2016-08-16,0.0,0.0,51012.79999999999,51012.79999999999,0
2016-08-17,0.0,0.0,51012.79999999999,51012.79999999999,0
2016-08-18,0.0,0.0,51012.79999999999,51012.79999999999,0
2016-08-19,0.0,0.0,51012.79999999999,51012.79999999999,0
2016-08-22,0.0,0.0,51012.79999999999,51012.79999999999,0
2016-08-23,0.0,0.0,51012.79999999999,51012.79999999999,0
2016-08-24,0.0,0.0,51012.79999999999,51012.79999999999,0
2016-08-25,0.0,0.0,51012.79999999999,51012.79999999999,0
2016-08-26,-24452.61,25600.0,49865.40999999999,51012.79999999999,0
2016-08-29,-24428.949999999997,25650.0,49865.40999999999,51086.45999999999,0
2016-08-30,-24216.01,25530.0,49865.40999999999,51179.399999999994,0
2016-08-31,-23920.26,25310.0,49865.40999999999,51255.149999999994,0
2016-09-01,-24050.39,25490.0,49865.40999999999,51305.01999999999,0
2016-09-02,-24062.22,25860.0,49865.40999999999,51663.18999999999,0
2016-09-06,0.0,0.0,51547.30999999999,51547.30999999999,0
2016-09-07,0.0,0.0,51547.30999999999,51547.30999999999,0
2016-09-08,-24871.56,26020.0,50398.869999999995,51547.31,0
2016-09-09,-24079.86,25350.0,50398.869999999995,51669.009999999995,0
2016-09-12,0.0,0.0,51527.59,51527.59,0
2016-09-13,0.0,0.0,51527.59,51527.59,0
2016-09-14,23619.600000000002,-24750.0,52657.98999999999,51527.59,0
2016-09-15,24069.149999999998,-25090.0,52657.98999999999,51637.139999999985,0
2016-09-16,24044.85,-24910.0,52657.98999999999,51792.83999999999,0
2016-09-19,24142.050000000003,-25000.0,52657.98999999999,51800.03999999999,0
2016-09-20,24287.85,-25020.0,52657.98999999999,51925.83999999999,0
2016-09-21,24834.600000000002,-25540.0,52657.98999999999,51952.59,0
2016-09-22,0.0,0.0,51880.53999999999,51880.53999999999,0
2016-09-23,24298.82,-25430.0,53011.719999999994,51880.53999999999,0
2016-09-26,24275.16,-25200.0,53011.719999999994,52086.87999999999,0
2016-09-27,24535.42,-25180.0,53011.719999999994,52367.13999999999,0
2016-09-28,-24525.62,25680.0,50996.67999999999,52151.06,0
2016-09-29,-24245.059999999998,25610.0,50996.67999999999,52361.619999999995,0
2016-09-30,0.0,0.0,52254.579999999994,52254.579999999994,0
2016-10-03,0.0,0.0,52254.579999999994,52254.579999999994,0
2016-10-04,24084.02,-25230.0,53400.56,52254.58,0
2016-10-05,0.0,0.0,52173.66,52173.66,0
2016-10-06,0.0,0.0,52173.66,52173.66,0
2016-10-07,0.0,0.0,52173.66,52173.66,0
2016-10-10,0.0,0.0,52173.66,52173.66,0
2016-10-11,-24069.71,25220.0,51023.369999999995,52173.659999999996,0
2016-10-12,0.0,0.0,52060.0,52060.0,0
2016-10-13,0.0,0.0,52060.0,52060.0,0
2016-10-14,0.0,0.0,52060.0,52060.0,0
2016-10-17,0.0,0.0,52060.0,52060.0,0
2016-10-18,0.0,0.0,52060.0,52060.0,0
2016-10-19,0.0,0.0,52060.0,52060.0,0
2016-10-20,0.0,0.0,52060.0,52060.0,0
2016-10-21,0.0,0.0,52060.0,52060.0,0
2016-10-24,0.0,0.0,52060.0,52060.0,0
2016-10-25,24427.059999999998,-25560.0,53192.94,52060.0,0
2016-10-26,0.0,0.0,51857.25,51857.25,0
2016-10-27,-24352.52,25510.0,50699.770000000004,51857.25,0
2016-10-28,-24232.32,25450.0,50699.770000000004,51917.450000000004,0
2016-10-31,24194.04,-25350.0,52829.17,51673.21,0
2016-11-01,0.0,0.0,51547.76999999999,51547.76999999999,0
2016-11-02,0.0,0.0,51547.76999999999,51547.76999999999,0
2016-11-03,0.0,0.0,51547.76999999999,51547.76999999999,0
2016-11-04,0.0,0.0,51547.76999999999,51547.76999999999,0
2016-11-07,24104.96,-25250.0,52692.80999999999,51547.76999999999,0
2016-11-08,24340.36,-25410.0,52692.80999999999,51623.16999999999,0
2016-11-09,-24286.99,25450.0,50243.609999999986,51406.61999999998,0
2016-11-10,0.0,0.0,51303.93999999999,51303.93999999999,0
2016-11-11,23698.8,-24850.0,52455.139999999985,51303.93999999999,0
2016-11-14,23756.8,-24890.0,52455.139999999985,51321.93999999999,0
2016-11-15,-24199.12,25370.0,49763.859999999986,50934.73999999999,0
2016-11-16,-23728.32,25320.0,49763.859999999986,51355.539999999986,0
2016-11-17,-23775.399999999998,25420.0,49763.859999999986,51408.45999999999,0
2016-11-18,-23575.31,25460.0,49763.859999999986,51648.54999999999,0
2016-11-21,-23775.399999999998,25980.0,49763.859999999986,51968.45999999999,0
2016-11-22,24810.300000000003,-25980.0,52879.21999999998,51709.51999999998,0
2016-11-23,25041.149999999998,-25930.0,52879.21999999998,51990.36999999998,0
2016-11-25,25308.449999999997,-25880.0,52879.21999999998,52307.66999999998,0
2016-11-28,0.0,0.0,52190.46999999997,52190.46999999997,0
2016-11-29,0.0,0.0,52190.46999999997,52190.46999999997,0
2016-11-30,-24814.16,26010.0,50994.629999999976,52190.46999999997,0
2016-12-01,0.0,0.0,52023.38999999997,52023.38999999997,0
2016-12-02,0.0,0.0,52023.38999999997,52023.38999999997,0
2016-12-05,0.0,0.0,52023.38999999997,52023.38999999997,0
2016-12-06,0.0,0.0,52023.38999999997,52023.38999999997,0
2016-12-07,0.0,0.0,52023.38999999997,52023.38999999997,0
2016-12-08,0.0,0.0,52023.38999999997,52023.38999999997,0
2016-12-09,0.0,0.0,52023.38999999997,52023.38999999997,0
2016-12-12,0.0,0.0,52023.38999999997,52023.38999999997,0
2016-12-13,0.0,0.0,52023.38999999997,52023.38999999997,0
2016-12-14,0.0,0.0,52023.38999999997,52023.38999999997,0
2016-12-15,0.0,0.0,52023.38999999997,52023.38999999997,0
2016-12-16,-25403.95,26590.0,50837.33999999997,52023.38999999997,0
2016-12-19,0.0,0.0,51922.789999999964,51922.789999999964,0
2016-12-20,0.0,0.0,51922.789999999964,51922.789999999964,0
2016-12-21,-25103.92,26300.0,50726.70999999996,51922.789999999964,0
2016-12-22,0.0,0.0,51807.90999999996,51807.90999999996,0
2016-12-23,0.0,0.0,51807.90999999996,51807.90999999996,0
2016-12-27,0.0,0.0,51807.90999999996,51807.90999999996,0
2016-12-28,0.0,0.0,51807.90999999996,51807.90999999996,0
2016-12-29,0.0,0.0,51807.90999999996,51807.90999999996,0
2016-12-30,0.0,0.0,51807.90999999996,51807.90999999996,0
2017-01-03,25119.8,-26300.0,52988.10999999996,51807.90999999996,0
2017-01-04,0.0,0.0,51685.10999999996,51685.10999999996,0
2017-01-05,0.0,0.0,51685.10999999996,51685.10999999996,0
2017-01-06,0.0,0.0,51685.10999999996,51685.10999999996,0
2017-01-09,25531.02,-26700.0,52854.08999999995,51685.10999999996,0
2017-01-10,25579.260000000002,-26740.0,52854.08999999995,51693.349999999955,0
2017-01-11,25844.579999999998,-26990.0,52854.08999999995,51708.669999999955,0
2017-01-12,25953.12,-27000.0,52854.08999999995,51807.20999999995,0
2017-01-13,-25930.3,27130.0,50368.96999999994,51568.66999999994,0
2017-01-17,-25869.8,27160.0,50368.96999999994,51659.16999999994,0
2017-01-18,25524.8,-26710.0,52612.16999999995,51426.96999999994,0
2017-01-19,25633.16,-26620.0,52612.16999999995,51625.32999999994,0
2017-01-20,0.0,0.0,51415.32999999994,51415.32999999994,0
2017-01-23,0.0,0.0,51415.32999999994,51415.32999999994,0
2017-01-24,-26095.8,27300.0,50211.12999999995,51415.32999999994,0
2017-01-25,-26181.2,27540.0,50211.12999999995,51569.92999999995,0
2017-01-26,-26034.8,27470.0,50211.12999999995,51646.32999999994,0
2017-01-27,26086.6,-27260.0,52536.52999999995,51363.12999999995,0
2017-01-30,25879.37,-27010.0,52536.52999999995,51405.89999999995,0
2017-01-31,0.0,0.0,51248.08999999994,51248.08999999994,0
2017-02-01,0.0,0.0,51248.08999999994,51248.08999999994,0
2017-02-02,0.0,0.0,51248.08999999994,51248.08999999994,0
2017-02-03,0.0,0.0,51248.08999999994,51248.08999999994,0
2017-02-06,0.0,0.0,51248.08999999994,51248.08999999994,0
2017-02-07,0.0,0.0,51248.08999999994,51248.08999999994,0
2017-02-08,0.0,0.0,51248.08999999994,51248.08999999994,0
2017-02-09,0.0,0.0,51248.08999999994,51248.08999999994,0
2017-02-10,0.0,0.0,51248.08999999994,51248.08999999994,0
2017-02-13,0.0,0.0,51248.08999999994,51248.08999999994,0
2017-02-14,0.0,0.0,51248.08999999994,51248.08999999994,0
2017-02-15,26646.88,-27830.0,52431.209999999934,51248.08999999994,0
2017-02-16,0.0,0.0,51238.08999999994,51238.08999999994,0
2017-02-17,0.0,0.0,51238.08999999994,51238.08999999994,0
2017-02-21,0.0,0.0,51238.08999999994,51238.08999999994,0
2017-02-22,0.0,0.0,51238.08999999994,51238.08999999994,0
2017-02-23,0.0,0.0,51238.08999999994,51238.08999999994,0
2017-02-24,0.0,0.0,51238.08999999994,51238.08999999994,0
2017-02-27,0.0,0.0,51238.08999999994,51238.08999999994,0
2017-02-28,25505.899999999998,-26690.0,52422.189999999944,51238.08999999994,0
2017-03-01,25796.399999999998,-26880.0,52422.189999999944,51338.58999999994,0
2017-03-02,0.0,0.0,51248.08999999994,51248.08999999994,0
2017-03-03,0.0,0.0,51248.08999999994,51248.08999999994,0
2017-03-06,0.0,0.0,51248.08999999994,51248.08999999994,0
2017-03-07,0.0,0.0,51248.08999999994,51248.08999999994,0
2017-03-08,0.0,0.0,51248.08999999994,51248.08999999994,0
2017-03-09,0.0,0.0,51248.08999999994,51248.08999999994,0
2017-03-10,0.0,0.0,51248.08999999994,51248.08999999994,0
2017-03-13,0.0,0.0,51248.08999999994,51248.08999999994,0
2017-03-14,0.0,0.0,51248.08999999994,51248.08999999994,0
2017-03-15,25662.449999999997,-26850.0,52435.63999999994,51248.08999999994,0
2017-03-16,-25660.35,26870.0,49791.83999999994,51001.48999999994,0
2017-03-17,0.0,0.0,50795.76999999994,50795.76999999994,0
2017-03-20,0.0,0.0,50795.76999999994,50795.76999999994,0
2017-03-21,0.0,0.0,50795.76999999994,50795.76999999994,0
2017-03-22,-25260.300000000003,26470.0,49586.06999999995,50795.769999999946,0
2017-03-23,-25168.86,26570.0,49586.06999999995,50987.20999999995,0
2017-03-24,0.0,0.0,50775.75999999995,50775.75999999995,0
2017-03-27,0.0,0.0,50775.75999999995,50775.75999999995,0
2017-03-28,0.0,0.0,50775.75999999995,50775.75999999995,0
2017-03-29,0.0,0.0,50775.75999999995,50775.75999999995,0
2017-03-30,0.0,0.0,50775.75999999995,50775.75999999995,0
2017-03-31,0.0,0.0,50775.75999999995,50775.75999999995,0
2017-04-03,0.0,0.0,50775.75999999995,50775.75999999995,0
2017-04-04,0.0,0.0,50775.75999999995,50775.75999999995,0
2017-04-05,0.0,0.0,50775.75999999995,50775.75999999995,0
2017-04-06,0.0,0.0,50775.75999999995,50775.75999999995,0
2017-04-07,0.0,0.0,50775.75999999995,50775.75999999995,0
2017-04-10,0.0,0.0,50775.75999999995,50775.75999999995,0
2017-04-11,0.0,0.0,50775.75999999995,50775.75999999995,0
2017-04-12,0.0,0.0,50775.75999999995,50775.75999999995,0
2017-04-13,25502.91,-26690.0,51962.84999999995,50775.75999999995,0
2017-04-17,0.0,0.0,50583.56999999995,50583.56999999995,0
2017-04-18,0.0,0.0,50583.56999999995,50583.56999999995,0
2017-04-19,0.0,0.0,50583.56999999995,50583.56999999995,0
2017-04-20,0.0,0.0,50583.56999999995,50583.56999999995,0
2017-04-21,0.0,0.0,50583.56999999995,50583.56999999995,0
2017-04-24,0.0,0.0,50583.56999999995,50583.56999999995,0
2017-04-25,0.0,0.0,50583.56999999995,50583.56999999995,0
2017-04-26,0.0,0.0,50583.56999999995,50583.56999999995,0
2017-04-27,25020.8,-26210.0,51772.769999999946,50583.56999999995,0
2017-04-28,25087.82,-26260.0,51772.769999999946,50600.589999999946,0
2017-05-01,25333.56,-26220.0,51772.769999999946,50886.32999999994,0
2017-05-02,0.0,0.0,50863.98999999995,50863.98999999995,0
2017-05-03,-24907.84,26130.0,49641.82999999994,50863.98999999995,0
2017-05-04,0.0,0.0,50723.82999999994,50723.82999999994,0
2017-05-05,-25061.4,26290.0,49495.22999999995,50723.82999999995,0
2017-05-08,-24902.64,26320.0,49495.22999999995,50912.58999999995,0
2017-05-09,-24596.460000000003,26130.0,49495.22999999995,51028.769999999946,0
2017-05-10,-24811.92,26370.0,49495.22999999995,51053.309999999954,0
2017-05-11,0.0,0.0,50867.32999999995,50867.32999999995,0
2017-05-12,0.0,0.0,50867.32999999995,50867.32999999995,0
2017-05-15,0.0,0.0,50867.32999999995,50867.32999999995,0
2017-05-16,0.0,0.0,50867.32999999995,50867.32999999995,0
2017-05-17,0.0,0.0,50867.32999999995,50867.32999999995,0
2017-05-18,0.0,0.0,50867.32999999995,50867.32999999995,0
2017-05-19,-25051.95,26280.0,49639.279999999955,50867.32999999996,0
2017-05-22,0.0,0.0,50832.529999999955,50832.529999999955,0
2017-05-23,0.0,0.0,50832.529999999955,50832.529999999955,0
2017-05-24,0.0,0.0,50832.529999999955,50832.529999999955,0
2017-05-25,0.0,0.0,50832.529999999955,50832.529999999955,0
2017-05-26,-25158.870000000003,26380.0,49611.399999999965,50832.52999999996,0
2017-05-30,-25031.16,26290.0,49611.399999999965,50870.23999999996,0
2017-05-31,0.0,0.0,50821.509999999966,50821.509999999966,0
2017-06-01,-25139.399999999998,26350.0,49610.90999999996,50821.509999999966,0
2017-06-02,25130.039999999997,-26340.0,51705.02999999996,50495.06999999996,0
2017-06-05,25141.61,-26350.0,51705.02999999996,50496.63999999996,0
2017-06-06,-25250.749999999996,26490.0,48839.70999999996,50078.95999999996,0
2017-06-07,24971.379999999997,-26180.0,50977.579999999965,49768.95999999996,0
2017-06-08,25087.579999999998,-26300.0,50977.579999999965,49765.15999999996,0
2017-06-09,-25280.04,26510.0,48301.95999999996,49531.91999999996,0
2017-06-12,-25256.600000000002,26580.0,48301.95999999996,49625.35999999996,0
2017-06-13,25521.18,-26750.0,50473.33999999996,49244.51999999996,0
2017-06-14,25764.57,-26420.0,50473.33999999996,49817.90999999996,0
2017-06-15,0.0,0.0,49720.87999999996,49720.87999999996,0
2017-06-16,0.0,0.0,49720.87999999996,49720.87999999996,0
2017-06-19,0.0,0.0,49720.87999999996,49720.87999999996,0
2017-06-20,-24853.31,26100.0,48474.18999999996,49720.87999999996,0
2017-06-21,-24609.08,25980.0,48474.18999999996,49845.10999999996,0
2017-06-22,-24667.23,26260.0,48474.18999999996,50066.95999999996,0
2017-06-23,0.0,0.0,49992.50999999996,49992.50999999996,0
2017-06-26,0.0,0.0,49992.50999999996,49992.50999999996,0
2017-06-27,0.0,0.0,49992.50999999996,49992.50999999996,0
2017-06-28,0.0,0.0,49992.50999999996,49992.50999999996,0
2017-06-29,25549.600000000002,-26790.0,51232.90999999996,49992.509999999966,0
2017-06-30,0.0,0.0,49881.869999999966,49881.869999999966,0
2017-07-03,-25680.199999999997,26940.0,48622.06999999996,49881.869999999966,0
2017-07-05,25517.36,-26760.0,50825.509999999966,49582.869999999966,0
2017-07-06,0.0,0.0,49457.46999999997,49457.46999999997,0
2017-07-07,0.0,0.0,49457.46999999997,49457.46999999997,0
2017-07-10,0.0,0.0,49457.46999999997,49457.46999999997,0
2017-07-11,0.0,0.0,49457.46999999997,49457.46999999997,0
2017-07-12,-26025.670000000002,27290.0,48193.13999999997,49457.46999999997,0
2017-07-13,26082.899999999998,-27330.0,50468.339999999975,49221.239999999976,0
2017-07-14,26511.660000000003,-27550.0,50468.339999999975,49429.99999999998,0
2017-07-17,26416.38,-27430.0,50468.339999999975,49454.71999999997,0
2017-07-18,0.0,0.0,49428.08999999997,49428.08999999997,0
2017-07-19,0.0,0.0,49428.08999999997,49428.08999999997,0
2017-07-20,0.0,0.0,49428.08999999997,49428.08999999997,0
2017-07-21,-26532.15,27800.0,48160.23999999996,49428.08999999996,0
2017-07-24,-26544.0,27820.0,48160.23999999996,49436.23999999996,0
2017-07-25,0.0,0.0,49271.83999999996,49271.83999999996,0
2017-07-26,26723.84,-27980.0,50527.999999999956,49271.83999999995,0
2017-07-27,26583.68,-27770.0,50527.999999999956,49341.67999999996,0
2017-07-28,-26623.74,27900.0,47771.899999999965,49048.15999999996,0
2017-07-31,0.0,0.0,48953.99999999997,48953.99999999997,0
2017-08-01,0.0,0.0,48953.99999999997,48953.99999999997,0
2017-08-02,0.0,0.0,48953.99999999997,48953.99999999997,0
2017-08-03,0.0,0.0,48953.99999999997,48953.99999999997,0
2017-08-04,0.0,0.0,48953.99999999997,48953.99999999997,0
2017-08-07,0.0,0.0,48953.99999999997,48953.99999999997,0
2017-08-08,0.0,0.0,48953.99999999997,48953.99999999997,0
2017-08-09,0.0,0.0,48953.99999999997,48953.99999999997,0
2017-08-10,0.0,0.0,48953.99999999997,48953.99999999997,0
2017-08-11,0.0,0.0,48953.99999999997,48953.99999999997,0
2017-08-14,0.0,0.0,48953.99999999997,48953.99999999997,0
2017-08-15,0.0,0.0,48953.99999999997,48953.99999999997,0
2017-08-16,26140.129999999997,-27410.0,50223.86999999997,48953.99999999997,0
2017-08-17,0.0,0.0,48811.369999999966,48811.369999999966,0
2017-08-18,0.0,0.0,48811.369999999966,48811.369999999966,0
2017-08-21,0.0,0.0,48811.369999999966,48811.369999999966,0
2017-08-22,0.0,0.0,48811.369999999966,48811.369999999966,0
2017-08-23,-26307.06,27580.0,47538.429999999964,48811.369999999966,0
2017-08-24,-26260.539999999997,27640.0,47538.429999999964,48917.88999999997,0
2017-08-25,0.0,0.0,48858.329999999965,48858.329999999965,0
2017-08-28,0.0,0.0,48858.329999999965,48858.329999999965,0
2017-08-29,0.0,0.0,48858.329999999965,48858.329999999965,0
2017-08-30,0.0,0.0,48858.329999999965,48858.329999999965,0
2017-08-31,0.0,0.0,48858.329999999965,48858.329999999965,0
2017-09-01,0.0,0.0,48858.329999999965,48858.329999999965,0
2017-09-05,0.0,0.0,48858.329999999965,48858.329999999965,0
2017-09-06,0.0,0.0,48858.329999999965,48858.329999999965,0
2017-09-07,0.0,0.0,48858.329999999965,48858.329999999965,0
2017-09-08,0.0,0.0,48858.329999999965,48858.329999999965,0
2017-09-11,0.0,0.0,48858.329999999965,48858.329999999965,0
2017-09-12,0.0,0.0,48858.329999999965,48858.329999999965,0
2017-09-13,0.0,0.0,48858.329999999965,48858.329999999965,0
2017-09-14,0.0,0.0,48858.329999999965,48858.329999999965,0
2017-09-15,0.0,0.0,48858.329999999965,48858.329999999965,0
2017-09-18,0.0,0.0,48858.329999999965,48858.329999999965,0
2017-09-19,0.0,0.0,48858.329999999965,48858.329999999965,0
2017-09-20,0.0,0.0,48858.329999999965,48858.329999999965,0
2017-09-21,-27533.55,28830.0,47561.87999999996,48858.32999999996,0
2017-09-22,0.0,0.0,48642.96999999996,48642.96999999996,0
2017-09-25,0.0,0.0,48642.96999999996,48642.96999999996,0
2017-09-26,0.0,0.0,48642.96999999996,48642.96999999996,0
2017-09-27,0.0,0.0,48642.96999999996,48642.96999999996,0
2017-09-28,0.0,0.0,48642.96999999996,48642.96999999996,0
2017-09-29,0.0,0.0,48642.96999999996,48642.96999999996,0
2017-10-02,0.0,0.0,48642.96999999996,48642.96999999996,0
2017-10-03,-27780.72,29080.0,47343.68999999996,48642.96999999996,0
2017-10-04,-27632.16,29110.0,47343.68999999996,48821.529999999955,0
2017-10-05,-27508.359999999997,28990.0,47343.68999999996,48825.32999999996,0
2017-10-06,0.0,0.0,48785.32999999996,48785.32999999996,0
2017-10-09,0.0,0.0,48785.32999999996,48785.32999999996,0
2017-10-10,0.0,0.0,48785.32999999996,48785.32999999996,0
2017-10-11,0.0,0.0,48785.32999999996,48785.32999999996,0
2017-10-12,27880.16,-29180.0,50085.169999999955,48785.32999999996,0
2017-10-13,28286.72,-29260.0,50085.169999999955,49111.889999999956,0
2017-10-16,28323.679999999997,-29170.0,50085.169999999955,49238.84999999995,0
2017-10-17,28422.24,-29160.0,50085.169999999955,49347.40999999996,0
2017-10-18,0.0,0.0,49227.40999999996,49227.40999999996,0
2017-10-19,0.0,0.0,49227.40999999996,49227.40999999996,0
2017-10-20,0.0,0.0,49227.40999999996,49227.40999999996,0
2017-10-23,0.0,0.0,49227.40999999996,49227.40999999996,0
2017-10-24,0.0,0.0,49227.40999999996,49227.40999999996,0
2017-10-25,0.0,0.0,49227.40999999996,49227.40999999996,0
2017-10-26,0.0,0.0,49227.40999999996,49227.40999999996,0
2017-10-27,0.0,0.0,49227.40999999996,49227.40999999996,0
2017-10-30,0.0,0.0,49227.40999999996,49227.40999999996,0
2017-10-31,0.0,0.0,49227.40999999996,49227.40999999996,0
2017-11-01,0.0,0.0,49227.40999999996,49227.40999999996,0
2017-11-02,0.0,0.0,49227.40999999996,49227.40999999996,0
2017-11-03,-27808.45,29110.0,47925.85999999996,49227.40999999996,0
2017-11-06,-27917.980000000003,29330.0,47925.85999999996,49337.879999999954,0
2017-11-07,0.0,0.0,49326.559999999954,49326.559999999954,0
2017-11-08,0.0,0.0,49326.559999999954,49326.559999999954,0
2017-11-09,0.0,0.0,49326.559999999954,49326.559999999954,0
2017-11-10,0.0,0.0,49326.559999999954,49326.559999999954,0
2017-11-13,0.0,0.0,49326.559999999954,49326.559999999954,0
2017-11-14,0.0,0.0,49326.559999999954,49326.559999999954,0
2017-11-15,0.0,0.0,49326.559999999954,49326.559999999954,0
2017-11-16,0.0,0.0,49326.559999999954,49326.559999999954,0
2017-11-17,-27721.75,29050.0,47998.309999999954,49326.559999999954,0
2017-11-20,0.0,0.0,49255.309999999954,49255.309999999954,0
2017-11-21,0.0,0.0,49255.309999999954,49255.309999999954,0
2017-11-22,0.0,0.0,49255.309999999954,49255.309999999954,0
2017-11-24,0.0,0.0,49255.309999999954,49255.309999999954,0
2017-11-27,0.0,0.0,49255.309999999954,49255.309999999954,0
2017-11-28,27758.64,-29070.0,50566.669999999955,49255.309999999954,0
2017-11-29,27601.469999999998,-28860.0,50566.669999999955,49308.139999999956,0
2017-11-30,0.0,0.0,49155.59999999995,49155.59999999995,0
2017-12-01,-28059.800000000003,29370.0,47845.39999999995,49155.59999999995,0
2017-12-04,-27875.6,29210.0,47845.39999999995,49179.79999999995,0
2017-12-05,0.0,0.0,49148.919999999955,49148.919999999955,0
2017-12-06,0.0,0.0,49148.919999999955,49148.919999999955,0
2017-12-07,0.0,0.0,49148.919999999955,49148.919999999955,0
2017-12-08,0.0,0.0,49148.919999999955,49148.919999999955,0
2017-12-11,0.0,0.0,49148.919999999955,49148.919999999955,0
2017-12-12,0.0,0.0,49148.919999999955,49148.919999999955,0
2017-12-13,27966.190000000002,-29280.0,50462.72999999995,49148.919999999955,0
2017-12-14,27893.77,-29190.0,50462.72999999995,49166.499999999956,0
2017-12-15,27929.98,-29000.0,50462.72999999995,49392.70999999995,0
2017-12-18,28123.100000000002,-29190.0,50462.72999999995,49395.82999999996,0
2017-12-19,-27467.0,28790.0,47748.62999999995,49071.62999999995,0
2017-12-20,-27467.0,28910.0,47748.62999999995,49191.62999999995,0
2017-12-21,-27660.6,29150.0,47748.62999999995,49238.02999999995,0
2017-12-22,0.0,0.0,49124.92999999995,49124.92999999995,0
2017-12-26,0.0,0.0,49124.92999999995,49124.92999999995,0
2017-12-27,0.0,0.0,49124.92999999995,49124.92999999995,0
2017-12-28,0.0,0.0,49124.92999999995,49124.92999999995,0
2017-12-29,0.0,0.0,49124.92999999995,49124.92999999995,0
2018-01-02,0.0,0.0,49124.92999999995,49124.92999999995,0
2018-01-03,0.0,0.0,49124.92999999995,49124.92999999995,0
2018-01-04,0.0,0.0,49124.92999999995,49124.92999999995,0
2018-01-05,0.0,0.0,49124.92999999995,49124.92999999995,0
2018-01-08,0.0,0.0,49124.92999999995,49124.92999999995,0
2018-01-09,0.0,0.0,49124.92999999995,49124.92999999995,0
2018-01-10,0.0,0.0,49124.92999999995,49124.92999999995,0
2018-01-11,0.0,0.0,49124.92999999995,49124.92999999995,0
2018-01-12,0.0,0.0,49124.92999999995,49124.92999999995,0
2018-01-16,-28902.72,30230.0,47797.64999999995,49124.92999999995,0
2018-01-17,0.0,0.0,49034.769999999946,49034.769999999946,0
2018-01-18,0.0,0.0,49034.769999999946,49034.769999999946,0
2018-01-19,0.0,0.0,49034.769999999946,49034.769999999946,0
2018-01-22,0.0,0.0,49034.769999999946,49034.769999999946,0
2018-01-23,0.0,0.0,49034.769999999946,49034.769999999946,0
2018-01-24,0.0,0.0,49034.769999999946,49034.769999999946,0
2018-01-25,0.0,0.0,49034.769999999946,49034.769999999946,0
2018-01-26,29004.329999999998,-30320.0,50350.439999999944,49034.769999999946,0
2018-01-29,28799.820000000003,-30040.0,50350.439999999944,49110.25999999995,0
2018-01-30,0.0,0.0,49071.689999999944,49071.689999999944,0
2018-01-31,0.0,0.0,49071.689999999944,49071.689999999944,0
2018-02-01,0.0,0.0,49071.689999999944,49071.689999999944,0
2018-02-02,27636.0,-28960.0,50395.689999999944,49071.689999999944,0
2018-02-05,0.0,0.0,48953.439999999944,48953.439999999944,0
2018-02-06,0.0,0.0,48953.439999999944,48953.439999999944,0
2018-02-07,-26716.829999999998,28060.0,47610.269999999946,48953.439999999944,0
2018-02-08,-25967.76,27420.0,47610.269999999946,49062.50999999995,0
2018-02-09,26123.72,-27470.0,50125.869999999944,48779.589999999946,0
2018-02-12,26537.07,-27810.0,50125.869999999944,48852.939999999944,0
2018-02-13,26690.600000000002,-27830.0,50125.869999999944,48986.46999999994,0
2018-02-14,27163.0,-28220.0,50125.869999999944,49068.869999999944,0
2018-02-15,27363.77,-28400.0,50125.869999999944,49089.63999999994,0
2018-02-16,0.0,0.0,48995.24999999994,48995.24999999994,0
2018-02-20,0.0,0.0,48995.24999999994,48995.24999999994,0
2018-02-21,0.0,0.0,48995.24999999994,48995.24999999994,0
2018-02-22,26749.44,-28100.0,50345.80999999994,48995.24999999994,0
2018-02-23,0.0,0.0,48844.22999999994,48844.22999999994,0
2018-02-26,0.0,0.0,48844.22999999994,48844.22999999994,0
2018-02-27,0.0,0.0,48844.22999999994,48844.22999999994,0
2018-02-28,0.0,0.0,48844.22999999994,48844.22999999994,0
